-4.3498,4.841,1,2,1,1
-5.7514,4.2749,1,1,1,1
-5.4095,2.84,1,1,1,1
-3.9211,2.306,1,2,1,1
-5.3721,3.2756,1,1,1,1
-5.7001,3.2559,1,1,1,1
-5.594,3.5221,1,1,1,1
-4.8282,2.7229,1,2,1,1
-4.3235,1.6789,1,2,1,1
-5.4335,3.0006,1,1,1,1
-6.403,3.7822,1,1,1,1
-6.6711,2.5739,1,1,1,1
-6.593,3.6319,1,1,1,1
-3.578,1.3712,1,2,1,1
-4.6088,2.9858,1,2,1,1
-5.6096,3.499,1,1,1,1
-6.5653,2.9602,1,1,1,1
-5.5542,1.617,1,1,1,1
-5.9611,2.5144,1,1,1,1
-2.5662,3.5916,1,2,1,1
-4.4801,3.7982,1,2,1,1
-2.7498,3.7844,1,2,1,1
-4.9899,3.4344,1,2,1,1
-5.779,4.7934,1,1,1,1
-5.8989,3.7363,1,1,1,1
-3.7719,4.0909,1,2,1,1
-4.1298,2.8948,1,2,1,1
-6.3031,2.6389,1,1,1,1
-6.1502,3.4717,1,1,1,1
-4.4307,3.9406,1,2,1,1
-6.7005,3.1932,1,1,1,1
-5.0932,3.4517,1,1,1,1
-3.793,3.4759,1,2,1,1
-4.501,3.703,1,2,1,1
-2.5606,3.3799,1,2,1,1
-5.7611,2.2833,1,1,1,1
-4.0224,1.9932,1,2,1,1
-3.4584,4.1116,1,2,1,1
-5.0163,2.5024,1,1,1,1
-4.8899,2.3394,1,2,1,1
-4.9395,2.3216,1,2,1,1
-4.209,3.8053,1,2,1,1
-3.5083,3.4609,1,2,1,1
-6.051,2.7092,1,1,1,1
-2.1528,1.5567,1,2,1,1
-5.1944,4.2461,1,1,1,1
-3.6923,3.1298,1,2,1,1
-3.9919,4.0403,1,2,1,1
-5.3404,1.9657,1,1,1,1
-5.8074,3.3159,1,1,1,1
-4.6801,3.8361,1,2,1,1
-5.0438,5.0068,1,1,1,1
-6.212,2.8899,1,1,1,1
-4.3969,3.9985,1,2,1,1
-5.8124,3.1112,1,1,1,1
-4.4763,3.7842,1,2,1,1
-2.3744,1.9539,1,2,1,1
-4.3252,2.1141,1,2,1,1
-5.3882,3.9485,1,1,1,1
-3.8956,2.2575,1,2,1,1
-5.8613,2.2955,1,1,1,1
-5.3862,2.4771,1,1,1,1
-3.1801,2.0128,1,2,1,1
-5.5838,1.9021,1,1,1,1
-5.9793,3.593,1,1,1,1
-6.233,2.5968,1,1,1,1
-5.5085,4.2999,1,1,1,1
-5.5603,2.8263,1,1,1,1
-3.7139,3.7263,1,2,1,1
-6.3159,2.7806,1,1,1,1
-5.3205,3.8257,1,1,1,1
-6.1956,2.4983,1,1,1,1
-6.3375,2.1521,1,1,1,1
-3.1348,3.9437,1,2,1,1
-4.5567,2.4201,1,2,1,1
-4.4017,3.5996,1,2,1,1
-6.6435,3.0276,1,1,1,1
-4.6387,4.5001,1,2,1,1
-4.629,3.1489,1,2,1,1
-6.1956,2.818,1,1,1,1
-5.8576,3.2363,1,1,1,1
-4.745,4.7458,1,2,1,1
-5.227,4.6428,1,1,1,1
-5.4039,2.6804,1,1,1,1
-5.0167,3.1939,1,1,1,1
-3.1924,3.8357,1,2,1,1
-6.2234,2.9306,1,1,1,1
-4.0504,2.6284,1,2,1,1
-5.28,3.6083,1,1,1,1
-3.2666,3.5576,1,2,1,1
-6.1452,3.9965,1,1,1,1
-3.5618,2.0873,1,2,1,1
-6.0339,3.3687,1,1,1,1
-5.0673,2.4285,1,1,1,1
-4.9278,3.8042,1,2,1,1
-5.9313,0.91438,1,1,1,1
-3.46,2.5692,1,2,1,1
-5.2495,3.6229,1,1,1,1
-4.2153,2.7288,1,2,1,1
-5.6827,2.4131,1,1,1,1
-4.3173,1.9907,1,2,1,1
-5.5751,3.7903,1,1,1,1
-6.0449,4.1894,1,1,1,1
-4.643,3.9806,1,2,1,1
-3.8839,2.5797,1,2,1,1
-2.5983,2.7607,1,2,1,1
-3.8159,2.173,1,2,1,1
-5.0276,3.0753,1,1,1,1
-6.0614,3.0664,1,1,1,1
-4.6877,1.7075,1,2,1,1
-3.8666,2.0982,1,2,1,1
-5.3642,3.0477,1,1,1,1
-5.8824,3.13,1,1,1,1
-5.0516,2.8768,1,1,1,1
-3.2381,1.1224,1,2,1,1
-6.1329,3.9284,1,1,1,1
-5.4868,4.6479,1,1,1,1
-6.0686,5.1189,1,1,1,1
-5.2766,3.8226,1,1,1,1
-3.5139,3.4048,1,2,1,1
-3.2499,3.0684,1,2,1,1
-6.5082,2.7704,1,1,1,1
-5.0799,2.9593,1,1,1,1
-5.243,3.4305,1,1,1,1
-4.3268,2.9452,1,2,1,1
-5.3655,1.1814,1,1,1,1
-3.8698,3.8448,1,2,1,1
-3.4013,3.7354,1,2,1,1
-6.1373,3.6446,1,1,1,1
-6.4823,4.5195,1,1,1,1
-5.1033,3.1054,1,1,1,1
-6.1393,1.7226,1,1,1,1
-4.273,3.1594,1,2,1,1
-6.0003,2.2728,1,1,1,1
-5.4823,3.6379,1,1,1,1
-4.4247,3.0624,1,2,1,1
-7.5362,2.8296,1,1,1,1
-3.5434,2.6003,1,2,1,1
-5.5565,1.4288,1,1,1,1
-4.8981,2.2351,1,2,1,1
-5.9736,2.044,1,1,1,1
-5.0952,5.8292,1,1,1,1
-5.2155,3.8696,1,1,1,1
-7.0778,2.2959,1,1,1,1
-5.7016,3.3454,1,1,1,1
-5.7448,2.6955,1,1,1,1
-3.6329,4.0651,1,2,1,1
-4.7482,3.0747,1,2,1,1
-4.8495,3.035,1,2,1,1
-5.6498,2.8019,1,1,1,1
-5.2312,3.3195,1,1,1,1
-7.3715,2.8557,1,1,1,1
-3.8536,-0.078629,1,2,1,1
-7.1317,2.6632,1,1,1,1
-5.1,2.191,1,1,1,1
-4.118,3.2064,1,2,1,1
-4.4222,5.8289,1,2,1,1
-4.4299,3.7079,1,2,1,1
-5.233,0.78929,1,1,1,1
-4.081,3.5871,1,2,1,1
-4.9167,3.4583,1,2,1,1
-5.1626,1.314,1,1,1,1
-5.45,1.829,1,1,1,1
-5.3183,2.9578,1,1,1,1
-5.2973,3.1421,1,1,1,1
-4.6706,2.3397,1,2,1,1
-4.809,2.5597,1,2,1,1
-3.938,-0.0024543,1,2,1,1
-4.6177,3.5013,1,2,1,1
-6.231,3.6084,1,1,1,1
-6.2512,4.5893,1,1,1,1
-6.7163,4.6042,1,1,1,1
-4.3125,4.0662,1,2,1,1
-5.4516,1.3386,1,1,1,1
-4.8135,2.5552,1,2,1,1
-6.1738,1.9961,1,1,1,1
-4.8247,2.8781,1,2,1,1
-2.7048,2.3678,1,2,1,1
-5.1013,4.1588,1,1,1,1
-4.9035,3.6056,1,2,1,1
-3.9269,3.8904,1,2,1,1
-3.8388,2.8719,1,2,1,1
-3.7514,3.6618,1,2,1,1
-4.9835,2.4071,1,2,1,1
-5.3848,3.0785,1,1,1,1
-5.0012,2.6067,1,1,1,1
-4.4072,2.6601,1,2,1,1
-4.9673,1.6824,1,2,1,1
-4.8801,5.4735,1,2,1,1
-5.3329,1.9094,1,1,1,1
-4.9493,2.6001,1,2,1,1
-6.179,4.82,1,1,1,1
-4.8176,3.1327,1,2,1,1
-4.1344,2.079,1,2,1,1
-3.3224,2.8206,1,2,1,1
-5.6991,1.6761,1,1,1,1
-4.525,2.4953,1,2,1,1
-5.0107,3.1273,1,1,1,1
-6.1413,4.0248,1,1,1,1
-6.0375,2.887,1,1,1,1
-0.59187,4.5804,1,4,2,2
-2.847,4.197,1,3,2,2
-2.7924,2.6104,1,3,2,2
-2.726,2.4142,1,3,2,2
-3.1502,3.8875,1,3,2,2
-1.5436,3.2096,1,4,2,2
-1.5219,2.5299,1,4,2,2
-2.4869,3.5311,1,3,2,2
-0.44207,3.2384,1,4,2,2
-3.5263,1.9945,1,3,2,2
-1.1058,1.8099,1,4,2,2
-3.2732,4.0099,1,3,2,2
-1.363,2.6522,1,4,2,2
-1.3746,2.7092,1,4,2,2
-0.85036,3.0907,1,4,2,2
-3.7419,3.3923,1,3,2,2
-1.7111,4.7685,1,4,2,2
-2.7424,3.7255,1,3,2,2
-2.5538,3.7183,1,3,2,2
-1.4818,1.4405,1,4,2,2
-1.7739,2.53,1,4,2,2
0.075823,2.1587,1,4,2,2
-1.0562,3.1407,1,4,2,2
-3.2586,3.185,1,3,2,2
-1.2155,3.9559,1,4,2,2
-0.50746,3.2172,1,4,2,2
-0.65819,3.8217,1,4,2,2
-0.35646,2.9597,1,4,2,2
-1.8634,1.068,1,4,2,2
-1.7598,2.618,1,4,2,2
-2.8931,3.8442,1,3,2,2
-2.5136,2.1467,1,3,2,2
-1.2049,4.548,1,4,2,2
-2.6018,3.9333,1,3,2,2
-2.9625,3.3297,1,3,2,2
-2.8393,2.0552,1,3,2,2
-2.8392,3.1363,1,3,2,2
-3.2894,4.1859,1,3,2,2
-1.4175,3.5743,1,4,2,2
-0.6393,3.1976,1,4,2,2
-2.2419,4.059,1,3,2,2
-1.7956,1.2613,1,4,2,2
0.2765,2.0404,1,4,2,2
-1.721,1.926,1,4,2,2
-1.6474,2.8196,1,4,2,2
-2.443,1.9177,1,3,2,2
-2.618,2.862,1,3,2,2
-1.0005,3.4247,1,4,2,2
-1.6796,2.5824,1,4,2,2
-1.3419,2.9945,1,4,2,2
-0.99377,3.9075,1,4,2,2
-2.4158,2.306,1,3,2,2
-2.3931,2.1717,1,3,2,2
-2.141,2.391,1,3,2,2
-3.6337,4.3735,1,3,2,2
-0.90095,2.142,1,4,2,2
-2.7431,4.9116,1,3,2,2
-1.9199,3.4287,1,4,2,2
-0.54442,3.8987,1,4,2,2
-2.2009,2.8255,1,3,2,2
-2.7014,3.1986,1,3,2,2
-3.517,4.1515,1,3,2,2
-2.1448,3.1195,1,3,2,2
-2.6822,3.2488,1,3,2,2
-1.2459,3.1814,1,4,2,2
-2.4766,2.4871,1,3,2,2
-1.4945,3.43,1,4,2,2
-2.6466,3.7249,1,3,2,2
-2.3451,3.5375,1,3,2,2
-3.1005,3.9794,1,3,2,2
-1.2213,2.1455,1,4,2,2
-0.36099,3.0656,1,4,2,2
-1.4986,2.7911,1,4,2,2
-0.98667,3.2924,1,4,2,2
-2.3146,5.4498,1,3,2,2
-0.62738,2.1504,1,4,2,2
-2.0812,3.6853,1,3,2,2
-2.599,3.3747,1,3,2,2
-2.4592,2.2683,1,3,2,2
-1.1077,3.3184,1,4,2,2
-2.3632,3.5677,1,3,2,2
-3.9651,3.0434,1,3,2,2
-2.1819,3.4546,1,3,2,2
-1.2572,1.9997,1,4,2,2
-2.8125,2.0606,1,3,2,2
-0.80337,4.4901,1,4,2,2
-2.9973,1.76,1,3,2,2
-1.9844,3.7868,1,4,2,2
-1.8848,3.7132,1,4,2,2
-1.8668,1.8308,1,4,2,2
-2.9527,1.6563,1,3,2,2
-1.6656,3.1687,1,4,2,2
-1.7582,2.9176,1,4,2,2
-1.166,0.97252,1,4,2,2
-0.78723,3.506,1,4,2,2
-4.0876,3.8978,1,3,2,2
-2.1428,3.8362,1,3,2,2
-1.3081,2.4026,1,4,2,2
-4.5287,2.1396,1,3,2,2
-1.1106,2.7549,1,4,2,2
-2.1403,3.3442,1,3,2,2
-1.6474,4.8641,1,4,2,2
-3.1094,2.8224,1,3,2,2
-3.9942,2.1341,1,3,2,2
-2.9323,4.4559,1,3,2,2
-1.6593,2.1568,1,4,2,2
-2.8046,3.0027,1,3,2,2
-2.2886,2.8105,1,3,2,2
-3.7523,2.7506,1,3,2,2
-2.8954,3.1207,1,3,2,2
-0.52823,2.2616,1,4,2,2
-2.3909,3.4741,1,3,2,2
-2.1271,2.8128,1,3,2,2
-2.1384,2.0301,1,3,2,2
-1.7967,2.861,1,4,2,2
-0.69987,2.9297,1,4,2,2
-1.592,2.5042,1,4,2,2
-2.8728,2.7829,1,3,2,2
-3.9797,3.5299,1,3,2,2
-2.3788,3.9792,1,3,2,2
-0.86184,3.071,1,4,2,2
-3.2291,4.201,1,3,2,2
-2.2014,2.8747,1,3,2,2
-2.4165,3.1789,1,3,2,2
-1.075,1.1325,1,4,2,2
-1.5485,2.8178,1,4,2,2
-0.87093,2.6085,1,4,2,2
0.037861,2.1271,1,4,2,2
0.33143,3.0148,1,4,2,2
-2.9476,1.1038,1,3,2,2
-1.6296,3.5932,1,4,2,2
-1.3471,2.1075,1,4,2,2
-3.1261,5.1798,1,3,2,2
-1.2155,4.8203,1,4,2,2
-1.2502,1.5573,1,4,2,2
-0.44203,4.1252,1,4,2,2
-2.1527,3.6992,1,3,2,2
-2.2034,2.8495,1,3,2,2
-1.9879,4.0105,1,4,2,2
-2.4178,1.5979,1,3,2,2
-2.1773,2.6625,1,3,2,2
-2.3053,3.3572,1,3,2,2
-3.0573,3.7272,1,3,2,2
-2.1795,1.3381,1,3,2,2
-1.2417,2.4,1,4,2,2
-2.0506,3.8719,1,3,2,2
-2.2446,2.1163,1,3,2,2
-1.8348,2.6787,1,4,2,2
-1.8819,2.2983,1,4,2,2
-1.1726,5.7711,1,4,2,2
-1.2196,2.4239,1,4,2,2
-0.06343,3.8004,1,4,2,2
-0.76167,2.4752,1,4,2,2
-1.9585,3.4349,1,4,2,2
-3.9494,2.2114,1,3,2,2
-2.4049,3.8288,1,3,2,2
-2.8583,3.1779,1,3,2,2
-1.5989,1.4699,1,4,2,2
-2.156,3.1468,1,3,2,2
-1.5403,2.9945,1,4,2,2
-1.8185,3.6888,1,4,2,2
-1.7951,4.0131,1,4,2,2
-0.042353,1.1349,1,4,2,2
-4.4287,3.0554,1,3,2,2
-2.4635,2.9471,1,3,2,2
-4.1787,3.5395,1,3,2,2
-2.5226,3.3036,1,3,2,2
-1.519,2.8631,1,4,2,2
-1.4475,3.2994,1,4,2,2
-0.39142,4.3854,1,4,2,2
-2.2374,3.0873,1,3,2,2
-1.611,3.3088,1,4,2,2
-0.89457,4.6292,1,4,2,2
-1.8791,3.3816,1,4,2,2
-3.1557,3.7567,1,3,2,2
-2.1229,4.2915,1,3,2,2
-0.3387,2.0153,1,4,2,2
-2.3993,2.5681,1,3,2,2
-0.84945,3.2651,1,4,2,2
-1.1576,2.3654,1,4,2,2
-0.95873,4.2638,1,4,2,2
-2.0155,3.7773,1,3,2,2
-2.2413,4.2438,1,3,2,2
-2.0524,1.7803,1,3,2,2
-1.0569,3.9629,1,4,2,2
-1.8257,3.633,1,4,2,2
-1.1241,3.0193,1,4,2,2
-1.7152,1.0822,1,4,2,2
-2.7239,4.7383,1,3,2,2
-1.21,0.90402,1,4,2,2
-0.71067,4.4627,1,4,2,2
-1.6509,1.7665,1,4,2,2
-1.2334,4.6086,1,4,2,2
-2.8133,1.8311,1,3,2,2
-2.5695,2.4316,1,3,2,2
-0.73651,1.0891,1,4,2,2
-1.6812,4.2287,1,4,2,2
-2.4096,2.5127,1,3,2,2
-1.8719,4.7083,1,4,2,2
-1.4577,3.5837,1,4,2,2
1.6057,3.6277,2,5,3,3
0.49436,2.562,2,5,3,3
2.4652,3.3509,2,6,3,3
3.1436,1.4067,2,6,3,3
2.7028,3.3257,2,6,3,3
1.1405,2.3153,2,5,3,3
0.44408,2.7626,2,5,3,3
1.0835,5.7611,2,5,3,3
3.0144,4.4809,2,6,3,3
2.3317,2.6101,2,6,3,3
1.8096,1.5154,2,5,3,3
0.57102,4.0004,2,5,3,3
3.2043,1.9874,2,6,3,3
3.7281,3.0346,2,6,3,3
3.5108,3.9299,2,6,3,3
1.5926,2.7623,2,5,3,3
3.1047,3.0114,2,6,3,3
0.95156,3.2068,2,5,3,3
1.6341,2.1012,2,5,3,3
1.0263,4.8187,2,5,3,3
2.7521,2.4975,2,6,3,3
2.2156,2.5825,2,6,3,3
1.9675,2.3886,2,5,3,3
-0.016394,2.1098,2,5,3,3
2.9932,2.2077,2,6,3,3
1.7916,1.9026,2,5,3,3
2.2844,1.7833,2,6,3,3
2.0222,2.6174,2,6,3,3
1.5914,1.9089,2,5,3,3
2.4965,3.3751,2,6,3,3
1.8381,4.85,2,5,3,3
2.015,1.4421,2,6,3,3
2.2118,1.6611,2,6,3,3
1.273,3.2016,2,5,3,3
2.3299,3.1395,2,6,3,3
0.94413,1.983,2,5,3,3
2.8581,3.8706,2,6,3,3
3.4712,3.8102,2,6,3,3
1.8447,2.0052,2,5,3,3
2.7257,2.5648,2,6,3,3
1.5146,2.2824,2,5,3,3
2.871,2.9289,2,6,3,3
0.052972,1.6865,2,5,3,3
1.6172,4.2645,2,5,3,3
-0.11376,2.2823,2,5,3,3
0.25883,3.1316,2,5,3,3
3.1636,1.6128,2,6,3,3
1.0917,3.0803,2,5,3,3
2.1952,2.3076,2,6,3,3
3.2551,2.7118,2,6,3,3
2.0079,2.0961,2,6,3,3
-0.1035,3.36,2,5,3,3
1.4769,3.1323,2,5,3,3
1.7876,3.4587,2,5,3,3
2.9868,2.8313,2,6,3,3
3.7195,4.5974,2,6,3,3
2.7172,3.2779,2,6,3,3
1.7568,2.348,2,5,3,3
1.1224,3.4785,2,5,3,3
1.8806,2.3775,2,5,3,3
1.6372,1.9501,2,5,3,3
2.0483,2.8652,2,6,3,3
0.8138,4.9192,2,5,3,3
2.0071,2.8448,2,6,3,3
3.007,2.2052,2,6,3,3
1.5154,1.7088,2,5,3,3
3.9695,2.9598,2,6,3,3
0.69848,2.1737,2,5,3,3
1.1762,4.5777,2,5,3,3
2.6632,3.5577,2,6,3,3
2.4514,2.3209,2,6,3,3
3.0886,2.1239,2,6,3,3
2.6069,4.0283,2,6,3,3
3.8473,5.4074,2,6,3,3
2.6722,1.7215,2,6,3,3
0.29234,0.77164,2,5,3,3
1.9891,1.067,2,5,3,3
1.301,3.7434,2,5,3,3
2.8149,1.403,2,6,3,3
2.3776,3.2999,2,6,3,3
1.766,2.3692,2,5,3,3
2.1735,4.6566,2,6,3,3
2.2402,3.1911,2,6,3,3
0.89118,4.2038,2,5,3,3
2.7055,1.3446,2,6,3,3
0.76469,1.7946,2,5,3,3
1.9028,3.1899,2,5,3,3
2.3799,4.7392,2,6,3,3
0.71371,3.8381,2,5,3,3
2.5258,2.6138,2,6,3,3
2.1824,2.5614,2,6,3,3
2.9157,2.1266,2,6,3,3
0.58079,2.8128,2,5,3,3
2.121,3.4713,2,6,3,3
0.89682,4.056,2,5,3,3
0.23431,2.8589,2,5,3,3
0.90796,2.0249,2,5,3,3
1.3315,2.0834,2,5,3,3
1.4549,2.1406,2,5,3,3
1.8545,3.6625,2,5,3,3
2.3118,3.759,2,6,3,3
4.1393,2.3755,2,6,3,3
2.8185,2.9793,2,6,3,3
2.7353,1.2948,2,6,3,3
0.6942,1.3392,2,5,3,3
3.3975,2.7025,2,6,3,3
2.8515,2.3343,2,6,3,3
1.7645,3.4641,2,5,3,3
2.6887,5.0517,2,6,3,3
1.4423,4.32,2,5,3,3
2.5041,4.2745,2,6,3,3
2.8043,4.5417,2,6,3,3
0.85948,1.6761,2,5,3,3
2.28,3.8071,2,6,3,3
1.9047,4.175,2,5,3,3
1.4897,2.2472,2,5,3,3
1.2448,2.6775,2,5,3,3
2.1934,4.8786,2,6,3,3
1.8707,2.7233,2,5,3,3
2.3747,3.4744,2,6,3,3
1.2937,3.7036,2,5,3,3
2.1096,2.1609,2,6,3,3
1.0481,3.0566,2,5,3,3
0.98781,2.9075,2,5,3,3
1.6044,3.2739,2,5,3,3
1.6048,3.716,2,5,3,3
2.9293,1.7495,2,6,3,3
1.2432,0.79443,2,5,3,3
2.0818,3.4536,2,6,3,3
1.3208,0.10879,2,5,3,3
3.2176,5.9165,2,6,3,3
1.7419,2.3684,2,5,3,3
0.32353,3.6329,2,5,3,3
2.6303,5.3085,2,6,3,3
1.9829,3.5101,2,5,3,3
2.7149,1.9691,2,6,3,3
1.3763,5.9968,2,5,3,3
1.4501,3.1243,2,5,3,3
0.9625,3.3496,2,5,3,3
0.63232,3.3697,2,5,3,3
1.5485,1.9605,2,5,3,3
2.6072,3.4081,2,6,3,3
-0.25431,3.9251,2,5,3,3
1.9279,3.2569,2,5,3,3
1.1673,3.2873,2,5,3,3
1.1333,1.7415,2,5,3,3
4.0443,3.4926,2,6,3,3
2.5342,3.5506,2,6,3,3
0.8596,2.9743,2,5,3,3
2.8954,4.4905,2,6,3,3
1.718,2.7933,2,5,3,3
2.0453,4.434,2,6,3,3
1.9556,2.5423,2,5,3,3
2.4661,3.4429,2,6,3,3
2.6991,3.6917,2,6,3,3
1.4999,1.6392,2,5,3,3
1.1587,2.663,2,5,3,3
2.3046,2.717,2,6,3,3
1.5117,3.407,2,5,3,3
2.4244,1.5265,2,6,3,3
3.019,3.0994,2,6,3,3
2.3199,0.86542,2,6,3,3
2.2125,3.3871,2,6,3,3
1.3427,2.943,2,5,3,3
1.191,2.0861,2,5,3,3
2.0523,2.0742,2,6,3,3
1.5515,3.8911,2,5,3,3
2.0982,3.1896,2,6,3,3
3.54,3.3849,2,6,3,3
1.5673,3.1524,2,5,3,3
2.9952,4.7472,2,6,3,3
1.6783,2.2745,2,5,3,3
1.315,2.7756,2,5,3,3
1.7667,2.4226,2,5,3,3
3.5011,4.086,2,6,3,3
0.82039,1.4844,2,5,3,3
1.2594,1.5567,2,5,3,3
2.5569,2.3304,2,6,3,3
2.9919,2.9358,2,6,3,3
1.0463,2.7049,2,5,3,3
1.6523,1.6761,2,5,3,3
2.8175,2.7722,2,6,3,3
2.1323,3.7332,2,6,3,3
2.1978,2.5962,2,6,3,3
1.8597,2.0681,2,5,3,3
2.7377,1.874,2,6,3,3
-0.79814,2.3092,2,5,3,3
0.85507,3.8137,2,5,3,3
1.5694,2.7594,2,5,3,3
2.4012,3.5731,2,6,3,3
2.599,1.7716,2,6,3,3
1.9738,1.663,2,5,3,3
1.6576,2.7565,2,5,3,3
2.636,2.6502,2,6,3,3
2.7779,2.0469,2,6,3,3
2.521,5.0857,2,6,3,3
2.3796,4.0615,2,6,3,3
-0.15316,3.4045,2,5,3,3
2.3872,1.6823,2,6,3,3
2.392,2.4889,2,6,3,3
5.5158,3.9395,3,8,4,4
5.7251,3.921,3,8,4,4
6.4938,3.476,3,8,4,4
4.762,4.1443,3,7,4,4
6.6866,4.4511,3,8,4,4
5.7608,2.2329,3,8,4,4
5.1444,2.7691,3,8,4,4
3.9515,2.7206,3,7,4,4
4.3935,3.597,3,7,4,4
4.8533,2.2106,3,7,4,4
5.2476,3.1017,3,8,4,4
5.6485,3.1688,3,8,4,4
4.7189,3.0747,3,7,4,4
4.8456,0.98747,3,7,4,4
4.4611,3.045,3,7,4,4
5.1763,4.8577,3,8,4,4
5.7816,3.1029,3,8,4,4
4.8042,2.1582,3,7,4,4
4.4542,2.9792,3,7,4,4
3.7201,3.2349,3,7,4,4
3.1859,4.6108,3,7,4,4
4.9548,1.7492,3,7,4,4
4.0507,3.8808,3,7,4,4
4.7668,0.81751,3,7,4,4
3.9243,3.8332,3,7,4,4
5.127,1.367,3,8,4,4
6.4116,2.0621,3,8,4,4
5.9744,4.2894,3,8,4,4
3.282,4.2166,3,7,4,4
5.1334,3.3828,3,8,4,4
6.1857,2.2622,3,8,4,4
5.5602,4.5914,3,8,4,4
5.3864,2.5822,3,8,4,4
4.8042,3.4902,3,7,4,4
4.2556,2.2702,3,7,4,4
7.2604,2.5641,3,8,4,4
5.1983,1.6873,3,8,4,4
3.9187,3.9781,3,7,4,4
5.0493,3.0401,3,8,4,4
5.3741,2.7267,3,8,4,4
5.4235,2.2024,3,8,4,4
4.7565,2.1628,3,7,4,4
5.6801,3.1103,3,8,4,4
4.7624,2.7059,3,7,4,4
4.6167,3.3621,3,7,4,4
4.8183,4.0467,3,7,4,4
5.0933,2.6239,3,8,4,4
4.4765,2.0132,3,7,4,4
6.6361,2.9648,3,8,4,4
4.4755,2.3748,3,7,4,4
4.9067,3.0928,3,7,4,4
3.5885,3.6873,3,7,4,4
4.8315,1.9641,3,7,4,4
4.2857,1.1092,3,7,4,4
5.16,3.1494,3,8,4,4
6.7581,2.3556,3,8,4,4
5.1371,1.8256,3,8,4,4
6.4938,4.2512,3,8,4,4
5.6489,5.1496,3,8,4,4
4.0933,1.3665,3,7,4,4
4.0154,5.5903,3,7,4,4
5.3582,4.1858,3,8,4,4
6.4174,1.8927,3,8,4,4
5.0692,4.9513,3,8,4,4
5.8001,2.2621,3,8,4,4
5.7016,2.9768,3,8,4,4
5.3624,4.4568,3,8,4,4
3.9087,2.8231,3,7,4,4
5.1492,2.727,3,8,4,4
5.6308,4.3946,3,8,4,4
4.0242,3.872,3,7,4,4
5.7623,2.4503,3,8,4,4
3.9894,3.0565,3,7,4,4
4.2524,1.6019,3,7,4,4
5.8705,4.0014,3,8,4,4
5.69,1.5085,3,8,4,4
6.6383,1.5694,3,8,4,4
6.0188,3.0607,3,8,4,4
5.1828,3.7528,3,8,4,4
4.985,2.1499,3,7,4,4
5.35,3.0481,3,8,4,4
5.9528,3.3163,3,8,4,4
4.6995,3.533,3,7,4,4
4.097,2.7176,3,7,4,4
5.9169,5.0002,3,8,4,4
6.2149,0.96647,3,8,4,4
4.4137,2.1444,3,7,4,4
5.0901,4.5345,3,8,4,4
4.4033,3.1658,3,7,4,4
6.1753,2.6753,3,8,4,4
4.2881,3.869,3,7,4,4
5.4609,4.0731,3,8,4,4
5.9711,1.248,3,8,4,4
6.7872,3.5227,3,8,4,4
5.2186,3.1565,3,8,4,4
4.2284,3.5437,3,7,4,4
3.9019,3.4379,3,7,4,4
3.789,3.4328,3,7,4,4
4.6542,4.3571,3,7,4,4
5.8237,1.8989,3,8,4,4
4.8267,3.5246,3,7,4,4
5.7985,3.6498,3,8,4,4
5.1401,4.3519,3,8,4,4
4.7677,3.5548,3,7,4,4
4.9529,4.0738,3,7,4,4
4.5181,1.5726,3,7,4,4
3.9728,2.0907,3,7,4,4
5.0381,2.4764,3,8,4,4
6.1078,2.7258,3,8,4,4
5.2473,2.2094,3,8,4,4
6.2172,0.58194,3,8,4,4
8.122,3.7073,3,8,4,4
4.2714,3.148,3,7,4,4
3.1733,3.2344,3,7,4,4
5.0414,4.1372,3,8,4,4
4.5579,2.3197,3,7,4,4
6.0236,2.9296,3,8,4,4
4.458,1.888,3,7,4,4
4.3446,3.4704,3,7,4,4
6.06,4.752,3,8,4,4
5.218,2.7898,3,8,4,4
5.4186,3.4268,3,8,4,4
3.3022,1.7186,3,7,4,4
6.6263,3.6779,3,8,4,4
5.2453,4.1216,3,8,4,4
6.1976,2.7583,3,8,4,4
3.4595,3.3745,3,7,4,4
3.6245,2.1012,3,7,4,4
4.9957,2.7228,3,7,4,4
6.4152,3.367,3,8,4,4
3.1577,2.5494,3,7,4,4
6.9991,3.9969,3,8,4,4
2.6556,3.6063,3,7,4,4
6.942,3.6575,3,8,4,4
3.6831,2.9415,3,7,4,4
2.6334,2.4643,3,7,4,4
4.8052,2.4695,3,7,4,4
5.681,2.8958,3,8,4,4
3.7891,3.4589,3,7,4,4
4.8046,2.2283,3,7,4,4
4.7252,3.0871,3,7,4,4
4.7905,3.0101,3,7,4,4
5.2164,1.8236,3,8,4,4
4.3157,2.7477,3,7,4,4
4.3448,3.1402,3,7,4,4
6.6446,1.1162,3,8,4,4
4.3547,3.1022,3,7,4,4
3.4164,3.4109,3,7,4,4
3.3422,4.694,3,7,4,4
4.4871,3.0731,3,7,4,4
3.7953,5.1944,3,7,4,4
4.1712,1.2201,3,7,4,4
4.9657,1.7857,3,7,4,4
5.9837,2.5426,3,8,4,4
4.0679,3.0274,3,7,4,4
5.0995,2.5119,3,8,4,4
4.4725,5.2464,3,7,4,4
5.3105,4.6628,3,8,4,4
4.0963,3.0197,3,7,4,4
4.8418,4.3444,3,7,4,4
5.2011,1.862,3,8,4,4
6.933,3.6867,3,8,4,4
4.4931,3.1012,3,7,4,4
3.3544,4.4171,3,7,4,4
4.6961,3.4028,3,7,4,4
5.7599,4.0173,3,8,4,4
4.4312,2.1873,3,7,4,4
5.9774,1.5392,3,8,4,4
6.0176,1.2172,3,8,4,4
5.9241,4.6078,3,8,4,4
4.5942,3.9269,3,7,4,4
3.7077,4.2329,3,7,4,4
4.6987,2.9512,3,7,4,4
4.3115,1.6737,3,7,4,4
4.2286,2.9417,3,7,4,4
3.6575,3.1179,3,7,4,4
4.6865,2.045,3,7,4,4
4.8042,1.0251,3,7,4,4
5.2065,3.6087,3,8,4,4
6.8085,3.7446,3,8,4,4
5.6011,4.0483,3,8,4,4
5.6418,3.7076,3,8,4,4
3.3396,3.7175,3,7,4,4
7.7951,1.7993,3,8,4,4
5.9818,2.5761,3,8,4,4
3.5913,3.0294,3,7,4,4
5.2411,3.4773,3,8,4,4
4.8537,2.5893,3,7,4,4
4.3868,3.0224,3,7,4,4
5.9927,2.8326,3,8,4,4
4.3506,2.322,3,7,4,4
5.1121,1.4326,3,8,4,4
4.147,-0.83678,3,7,4,4
4.2368,3.2026,3,7,4,4
4.1027,2.6095,3,7,4,4
6.2474,2.3381,3,8,4,4
5.0161,3.9961,3,8,4,4
5.7976,2.627,3,8,4,4
5.8944,2.0166,3,8,4,4
4.8969,2.5041,3,7,4,4
-3.9196,-4.99,4,9,5,5
-1.298,-3.8967,4,10,5,5
-2.0448,-3.5506,4,9,5,5
-1.9975,-3.351,4,10,5,5
-2.2584,-4.8918,4,9,5,5
-1.6156,-1.8761,4,10,5,5
-2.36,-2.8634,4,9,5,5
-0.92939,-3.6735,4,10,5,5
-2.0769,-0.80628,4,9,5,5
-2.5848,-3.0911,4,9,5,5
-0.73179,-2.9498,4,10,5,5
-2.5698,-2.2277,4,9,5,5
-2.0304,-2.5152,4,9,5,5
-2.5481,-2.9454,4,9,5,5
-1.3649,-1.4851,4,10,5,5
-1.3244,-3.7582,4,10,5,5
-0.47479,-1.2907,4,10,5,5
-1.1899,-1.5015,4,10,5,5
-1.2681,-4.4483,4,10,5,5
-0.228,-3.3163,4,10,5,5
-1.8764,-3.1501,4,10,5,5
-0.9533,-1.8093,4,10,5,5
-0.44143,-2.7034,4,10,5,5
-1.376,-1.84,4,10,5,5
-1.3095,-4.1962,4,10,5,5
-3.5256,-2.2611,4,9,5,5
-2.3629,-3.9071,4,9,5,5
-2.5304,-2.2869,4,9,5,5
-2.3697,-3.1259,4,9,5,5
-0.75576,-1.5977,4,10,5,5
-1.6265,-2.9273,4,10,5,5
-2.12,-2.0975,4,9,5,5
-2.4005,-1.8883,4,9,5,5
-2.1788,-2.3645,4,9,5,5
-0.65018,-4.4942,4,10,5,5
-3.0059,-4.0467,4,9,5,5
-2.4237,-2.0539,4,9,5,5
-4.4609,-3.2424,4,9,5,5
-2.2678,-3.2154,4,9,5,5
-1.3169,-1.6812,4,10,5,5
-2.3019,-4.1027,4,9,5,5
-3.4155,-4.1048,4,9,5,5
-0.91602,-1.9923,4,10,5,5
-1.7453,-2.0045,4,10,5,5
-3.9886,-3.304,4,9,5,5
-3.3634,-4.8117,4,9,5,5
-2.7868,-4.817,4,9,5,5
-1.8607,-2.5528,4,10,5,5
-1.9948,-3.3203,4,10,5,5
-0.84062,-3.3497,4,10,5,5
-1.7946,-2.022,4,10,5,5
-2.8705,-3.4667,4,9,5,5
-1.6648,-2.6874,4,10,5,5
-1.2016,-2.7594,4,10,5,5
-1.1293,-3.8457,4,10,5,5
-2.0988,-4.4689,4,9,5,5
-2.7565,-2.2717,4,9,5,5
-1.1075,-2.7047,4,10,5,5
-1.0126,-2.5003,4,10,5,5
-1.3364,-2.8625,4,10,5,5
-3.8423,-1.8917,4,9,5,5
-1.7595,-2.0499,4,10,5,5
-1.9854,-4.8153,4,10,5,5
-3.4165,-4.8055,4,9,5,5
-1.5296,-3.5264,4,10,5,5
-0.64431,-3.137,4,10,5,5
-1.3293,-1.9589,4,10,5,5
-2.7033,-2.4174,4,9,5,5
-0.81945,-2.7819,4,10,5,5
-3.6953,-3.6519,4,9,5,5
-2.8761,-3.8101,4,9,5,5
-2.0087,-2.118,4,9,5,5
-2.449,-1.2652,4,9,5,5
-0.69568,-2.3332,4,10,5,5
-3.5309,-4.9206,4,9,5,5
-2.6529,-3.6942,4,9,5,5
-1.8107,-4.1677,4,10,5,5
-2.5989,-3.1808,4,9,5,5
-1.6769,-4.1304,4,10,5,5
-1.8203,-3.0908,4,10,5,5
-1.4432,-2.1499,4,10,5,5
-1.7199,-4.1737,4,10,5,5
-2.6341,-2.1227,4,9,5,5
-3.2637,-1.2007,4,9,5,5
-3.2002,-2.0854,4,9,5,5
-2.4885,-2.5071,4,9,5,5
-1.6576,-2.1582,4,10,5,5
-0.6499,-4.4222,4,10,5,5
-2.1723,-4.2323,4,9,5,5
-1.0591,-2.4554,4,10,5,5
0.1901,-4.4621,4,10,5,5
-0.079879,-3.219,4,10,5,5
-2.0755,-1.8887,4,9,5,5
-1.2699,-4.8679,4,10,5,5
-1.5965,-4.1177,4,10,5,5
-2.7592,-2.8781,4,9,5,5
-1.837,-4.6314,4,10,5,5
-2.4037,-3.5255,4,9,5,5
-1.0759,-2.3434,4,10,5,5
-2.758,-2.3393,4,9,5,5
-1.3845,-2.3257,4,10,5,5
-1.6175,-1.6401,4,10,5,5
-1.6186,-2.0594,4,10,5,5
-2.6673,-1.675,4,9,5,5
-1.9566,-4.4616,4,10,5,5
-2.0222,-3.5141,4,9,5,5
-3.3028,-2.0772,4,9,5,5
-1.3521,-2.7134,4,10,5,5
-1.7344,-3.017,4,10,5,5
-2.176,-3.7176,4,9,5,5
-2.2319,-1.7282,4,9,5,5
-1.8144,-4.9468,4,10,5,5
-3.3924,-2.9285,4,9,5,5
-2.5374,-3.0119,4,9,5,5
-0.69165,-2.8508,4,10,5,5
-1.1556,-2.3171,4,10,5,5
-2.1042,-3.7457,4,9,5,5
-2,-4.4611,4,10,5,5
-1.0517,-2.2034,4,10,5,5
-2.1584,-4.01,4,9,5,5
-0.83654,-4.1075,4,10,5,5
-3.5406,-4.0395,4,9,5,5
-1.7267,-3.386,4,10,5,5
-1.867,-4.2743,4,10,5,5
-1.0887,-3.9417,4,10,5,5
-1.1955,-3.098,4,10,5,5
-2.6166,-1.5818,4,9,5,5
-1.4,-2.991,4,10,5,5
-1.1844,-3.4138,4,10,5,5
-2.4678,-2.0936,4,9,5,5
-2.7585,-1.8485,4,9,5,5
-2.8738,-2.6206,4,9,5,5
-2.218,-4.4357,4,9,5,5
-3.1369,-2.2928,4,9,5,5
-1.4555,-1.622,4,10,5,5
-2.7612,-3.1157,4,9,5,5
-1.3856,-4.2891,4,10,5,5
-0.33407,-1.3869,4,10,5,5
-2.4539,-2.788,4,9,5,5
-2.5722,-0.95176,4,9,5,5
-1.6072,-1.3832,4,10,5,5
-2.3407,-3.9773,4,9,5,5
-0.92878,-4.5839,4,10,5,5
-2.3304,-4.1463,4,9,5,5
-3.0245,-2.9329,4,9,5,5
-1.6235,-3.7449,4,10,5,5
-4.112,-5.3178,4,9,5,5
-0.06195,-3.5433,4,10,5,5
-1.9548,-2.0444,4,10,5,5
-1.6062,-4.1432,4,10,5,5
-2.0156,-3.1034,4,9,5,5
-0.84349,-1.3849,4,10,5,5
-2.3869,-1.7139,4,9,5,5
-2.085,-2.0689,4,9,5,5
-3.376,-2.3921,4,9,5,5
-1.8134,-3.1362,4,10,5,5
-1.1439,-3.3143,4,10,5,5
-1.9804,-2.7493,4,10,5,5
-2.4305,-3.7884,4,9,5,5
-1.6064,-3.5733,4,10,5,5
-1.75,-3.6128,4,10,5,5
-0.97293,-2.7149,4,10,5,5
-3.4639,-3.2693,4,9,5,5
-2.884,-3.8946,4,9,5,5
-1.1772,-2.8679,4,10,5,5
-2.4525,-1.5581,4,9,5,5
-0.89174,-1.7184,4,10,5,5
-1.13,-2.0831,4,10,5,5
-3.745,-0.77921,4,9,5,5
-1.7547,-1.8107,4,10,5,5
-1.748,-3.0416,4,10,5,5
-0.75742,-2.8501,4,10,5,5
-1.0506,-2.2312,4,10,5,5
-0.35187,-3.5524,4,10,5,5
-1.3168,-1.5918,4,10,5,5
-2.8836,-3.7278,4,9,5,5
-0.94308,-3.1151,4,10,5,5
-1.53,-2.8801,4,10,5,5
-2.5497,-2.6349,4,9,5,5
-1.45,-4.0165,4,10,5,5
-3.6853,-2.1355,4,9,5,5
-2.4365,-3.5245,4,9,5,5
0.78134,-2.5516,4,10,5,5
-4.8957,-4.5715,4,9,5,5
-0.90857,-1.1344,4,10,5,5
-0.45376,-0.54714,4,10,5,5
-0.68071,-2.5194,4,10,5,5
-2.1031,-4.5787,4,9,5,5
-0.93242,-0.97176,4,10,5,5
-2.3953,-2.6449,4,9,5,5
-2.5071,-4.1417,4,9,5,5
-1.0711,-4.5148,4,10,5,5
-1.841,-2.6074,4,10,5,5
-2.1609,-4.1863,4,9,5,5
-2.7951,-2.0876,4,9,5,5
-1.9649,-0.54551,4,10,5,5
-2.2147,-0.80469,4,9,5,5
-0.44665,-2.5136,4,10,5,5
-1.5884,-2.9822,4,10,5,5
-2.7764,-2.4188,4,9,5,5
-4.8704,-3.7572,4,12,6,5
-5.0478,-4.1573,4,11,6,5
-4.4305,-4.6889,4,12,6,5
-4.8495,-1.9851,4,12,6,5
-4.4172,-1.3802,4,12,6,5
-5.5009,-3.7125,4,11,6,5
-5.4233,-1.6767,4,11,6,5
-5.4613,-2.3834,4,11,6,5
-6.4793,-3.1793,4,11,6,5
-5.1617,-2.6358,4,11,6,5
-5.5018,-3.0823,4,11,6,5
-3.3189,-3.8256,4,12,6,5
-5.8354,-2.885,4,11,6,5
-7.6544,-3.7364,4,11,6,5
-3.7862,-3.5251,4,12,6,5
-3.5534,-3.7577,4,12,6,5
-5.9228,-3.5158,4,11,6,5
-3.914,-3.383,4,12,6,5
-5.9174,-4.1691,4,11,6,5
-5.023,-3.4336,4,11,6,5
-5.6312,-2.227,4,11,6,5
-4.0498,-2.2627,4,12,6,5
-4.5363,-1.4707,4,12,6,5
-3.1416,-2.1288,4,12,6,5
-2.4831,-1.4403,4,12,6,5
-4.9741,-2.6717,4,12,6,5
-6.0891,-2.7739,4,11,6,5
-4.9224,-3.1501,4,12,6,5
-4.7926,-1.9294,4,12,6,5
-5.0023,-4.2348,4,11,6,5
-4.4726,-1.1546,4,12,6,5
-5.1181,-3.6364,4,11,6,5
-5.0523,-1.1022,4,11,6,5
-5.7056,-3.2875,4,11,6,5
-4.3482,-3.7947,4,12,6,5
-3.7634,-2.9662,4,12,6,5
-6.6258,-3.8261,4,11,6,5
-4.9389,-2.5953,4,12,6,5
-5.0312,-3.503,4,11,6,5
-4.8106,-2.5386,4,12,6,5
-5.3441,-3.8284,4,11,6,5
-5.5252,-1.716,4,11,6,5
-5.0316,-2.8227,4,11,6,5
-6.0238,-2.4443,4,11,6,5
-4.1733,-3.0366,4,12,6,5
-3.9942,-4.4648,4,12,6,5
-4.6306,-1.9346,4,12,6,5
-3.9357,-1.8114,4,12,6,5
-4.511,-3.4766,4,12,6,5
-5.6805,-2.9542,4,11,6,5
-4.5417,-2.6683,4,12,6,5
-3.8122,-2.126,4,12,6,5
-5.5247,-3.0531,4,11,6,5
-5.2885,-1.6267,4,11,6,5
-5.4727,-2.9952,4,11,6,5
-5.2697,-3.9965,4,11,6,5
-5.5544,-2.9143,4,11,6,5
-5.5809,-2.1127,4,11,6,5
-3.9687,-3.2701,4,12,6,5
-4.0856,-0.90127,4,12,6,5
-5.2264,-3.4673,4,11,6,5
-6.7418,-2.8056,4,11,6,5
-4.1759,-1.1212,4,12,6,5
-5.2453,-3.2917,4,11,6,5
-5.8775,-2.9475,4,11,6,5
-5.3147,-2.1481,4,11,6,5
-6.0417,-2.2223,4,11,6,5
-6.0531,-2.2296,4,11,6,5
-4.6065,-2.2586,4,12,6,5
-3.5886,-2.7313,4,12,6,5
-4.0674,-3.4755,4,12,6,5
-3.8808,-3.3148,4,12,6,5
-5.2947,-1.4762,4,11,6,5
-6.7837,-2.3692,4,11,6,5
-4.5467,-3.3273,4,12,6,5
-5.0206,-4.306,4,11,6,5
-4.5568,-2.8698,4,12,6,5
-5.482,-1.7555,4,11,6,5
-5.7738,-1.403,4,11,6,5
-5.3726,-2.8191,4,11,6,5
-3.8903,-3.9325,4,12,6,5
-3.8544,-3.4051,4,12,6,5
-4.2023,-2.1381,4,12,6,5
-6.2483,-2.5688,4,11,6,5
-6.497,-4.1068,4,11,6,5
-5.0409,-2.2645,4,11,6,5
-4.4286,-2.898,4,12,6,5
-5.5812,-2.9059,4,11,6,5
-6.7118,-3.3531,4,11,6,5
-5.6048,-2.4535,4,11,6,5
-4.7651,-1.7479,4,12,6,5
-4.9013,-3.152,4,12,6,5
-6.3357,-3.092,4,11,6,5
-5.1527,-3.2335,4,11,6,5
-4.4264,-3.7093,4,12,6,5
-4.7489,-2.9238,4,12,6,5
-5.9947,-4.3014,4,11,6,5
-4.1998,-3.9799,4,12,6,5
-5.7267,-2.1446,4,11,6,5
-4.867,-3.7689,4,12,6,5
-5.7678,-4.0399,4,11,6,5
-6.0921,-3.7282,4,11,6,5
-5.2603,-3.4987,4,11,6,5
-5.7404,0.0014523,4,11,6,5
-5.5207,-4.4648,4,11,6,5
-4.2956,-3.5361,4,12,6,5
-4.431,-2.5398,4,12,6,5
-3.8268,-2.1291,4,12,6,5
-4.23,-4.3277,4,12,6,5
-3.2927,-3.522,4,12,6,5
-5.256,-2.4594,4,11,6,5
-5.1839,-3.0395,4,11,6,5
-6.1587,-3.4043,4,11,6,5
-4.9174,-1.4331,4,12,6,5
-3.5731,-3.3606,4,12,6,5
-6.0325,-2.1441,4,11,6,5
-3.5761,-4.0742,4,12,6,5
-5.7108,-1.8179,4,11,6,5
-6.118,-1.7348,4,11,6,5
-5.1041,-2.108,4,11,6,5
-4.9375,-2.6569,4,12,6,5
-6.35,-4.9682,4,11,6,5
-6.0368,-2.8849,4,11,6,5
-5.145,-0.98404,4,11,6,5
-3.1063,-2.3008,4,12,6,5
-5.7629,-3.7392,4,11,6,5
-4.8196,-2.3249,4,12,6,5
-4.7212,-4.0686,4,12,6,5
-6.1679,-2.9773,4,11,6,5
-6.4656,-2.1826,4,11,6,5
-5.3964,-3.0428,4,11,6,5
-5.9921,-3.046,4,11,6,5
-5.8261,-2.5405,4,11,6,5
-5.6256,-3.0861,4,11,6,5
-3.2702,-3.6934,4,12,6,5
-5.5375,-1.9949,4,11,6,5
-5.0974,-3.6215,4,11,6,5
-4.0338,-3.1522,4,12,6,5
-6.0578,-4.2195,4,11,6,5
-2.6804,-2.3186,4,12,6,5
-4.7665,-2.0426,4,12,6,5
-3.754,-3.5042,4,12,6,5
-4.0035,-1.5058,4,12,6,5
-5.5117,-4.3438,4,11,6,5
-4.8886,-3.4332,4,12,6,5
-5.2501,-2.444,4,11,6,5
-4.7661,-2.8789,4,12,6,5
-5.8375,-2.8212,4,11,6,5
-3.7797,-2.1013,4,12,6,5
-3.5359,-3.1202,4,12,6,5
-3.8002,-3.0607,4,12,6,5
-6.4713,-2.8078,4,11,6,5
-4.8073,-4.7021,4,12,6,5
-4.4849,-1.2688,4,12,6,5
-6.4352,-1.8048,4,11,6,5
-6.839,-3.7443,4,11,6,5
-4.0834,-4.1758,4,12,6,5
-4.7033,-3.597,4,12,6,5
-3.4917,-2.3926,4,12,6,5
-4.0927,-2.6436,4,12,6,5
-5.0825,-3.1321,4,11,6,5
-3.6257,-3.2559,4,12,6,5
-4.2635,-3.1145,4,12,6,5
-5.3093,-2.7465,4,11,6,5
-4.4408,-2.3773,4,12,6,5
-6.3637,-3.3058,4,11,6,5
-6.1946,-3.5565,4,11,6,5
-3.6725,-3.4587,4,12,6,5
-4.7774,-4.2442,4,12,6,5
-5.3054,-4.3517,4,11,6,5
-5.315,-3.5207,4,11,6,5
-4.0679,-2.8226,4,12,6,5
-5.6132,-3.0187,4,11,6,5
-5.4524,-1.4124,4,11,6,5
-4.3252,-2.5852,4,12,6,5
-5.6133,-2.8206,4,11,6,5
-5.3595,-2.2435,4,11,6,5
-4.4395,-1.8856,4,12,6,5
-5.2157,-2.8507,4,11,6,5
-4.0606,-3.0763,4,12,6,5
-6.4242,-0.99772,4,11,6,5
-7.1299,-0.64835,4,11,6,5
-4.4695,-2.452,4,12,6,5
-6.2061,-2.4148,4,11,6,5
-4.7212,-2.1142,4,12,6,5
-4.3359,-3.3503,4,12,6,5
-3.826,-5.5856,4,12,6,5
-4.6956,-1.9979,4,12,6,5
-4.1537,-2.1008,4,12,6,5
-5.8435,-3.2725,4,11,6,5
-6.1233,-2.4719,4,11,6,5
-6.8321,-3.7909,4,11,6,5
-4.4671,-3.5763,4,12,6,5
-7.1909,-2.255,4,11,6,5
-4.7019,-3.325,4,12,6,5
-3.0609,-2.4289,4,12,6,5
-3.0427,-1.1483,4,12,6,5
-5.7817,-1.6548,4,11,6,5
-3.7499,-4.8863,4,12,6,5
-6.262,-2.3974,4,11,6,5
3.6876,-2.9407,5,13,7,6
4.4575,-1.0881,5,14,7,6
4.1736,-2.5559,5,14,7,6
4.0971,-0.75159,5,14,7,6
3.9844,-0.42227,5,13,7,6
5.0983,-0.99391,5,14,7,6
4.0856,-1.7719,5,14,7,6
2.6685,-0.78537,5,13,7,6
2.7421,-2.1728,5,13,7,6
5.1635,-4.1436,5,14,7,6
2.9762,-2.4562,5,13,7,6
4.3589,-0.071971,5,14,7,6
4.203,-2.0165,5,14,7,6
4.8555,-2.3686,5,14,7,6
5.1087,-0.68064,5,14,7,6
4.2472,-4.9527,5,14,7,6
2.3807,-2.2331,5,13,7,6
3.4089,-1.4901,5,13,7,6
6.1112,-1.1494,5,14,7,6
4.1999,-3.1017,5,14,7,6
4.286,-3.4678,5,14,7,6
5.9042,-1.8794,5,14,7,6
2.0014,-1.937,5,13,7,6
4.6295,-2.0699,5,14,7,6
3.7732,-3.7071,5,13,7,6
5.2615,-0.38772,5,14,7,6
3.7257,-0.71617,5,13,7,6
4.1815,-1.7954,5,14,7,6
3.5348,-1.3808,5,13,7,6
3.8484,-1.7751,5,13,7,6
5.2279,-1.893,5,14,7,6
4.9711,-3.9792,5,14,7,6
4.5566,-0.9673,5,14,7,6
3.1591,-0.98111,5,13,7,6
3.127,-0.74238,5,13,7,6
3.7194,-1.5358,5,13,7,6
4.4838,-1.7737,5,14,7,6
4.2157,-1.669,5,14,7,6
4.3142,-3.0416,5,14,7,6
3.0903,-1.819,5,13,7,6
4.0736,-1.7694,5,14,7,6
3.9575,-2.4535,5,13,7,6
4.9137,-2.2753,5,14,7,6
2.9654,-1.4163,5,13,7,6
4.5844,-1.5363,5,14,7,6
3.8683,-1.9193,5,13,7,6
4.2737,-0.56873,5,14,7,6
3.5633,-1.4767,5,13,7,6
2.8462,-2.1247,5,13,7,6
4.3496,-3.8139,5,14,7,6
4.2424,-2.0944,5,14,7,6
4.3186,-2.5811,5,14,7,6
4.3573,-1.3487,5,14,7,6
3.6627,-0.62269,5,13,7,6
3.9107,-2.1681,5,13,7,6
4.6798,-2.0569,5,14,7,6
4.822,-2.2753,5,14,7,6
3.9442,-0.00056923,5,13,7,6
4.2233,-3.5694,5,14,7,6
5.6011,-1.7434,5,14,7,6
3.662,-1.3759,5,13,7,6
5.7768,-2.1198,5,14,7,6
4.4663,-2.3354,5,14,7,6
4.4948,-2.2689,5,14,7,6
3.7215,-2.0871,5,13,7,6
3.9825,-1.5874,5,13,7,6
3.2003,-2.9486,5,13,7,6
2.7622,-3.4146,5,13,7,6
5.0535,-3.3227,5,14,7,6
3.4451,-1.269,5,13,7,6
3.651,-2.1653,5,13,7,6
4.5183,0.20473,5,14,7,6
3.784,-2.1306,5,13,7,6
5.574,-1.5881,5,14,7,6
5.0717,-3.0268,5,14,7,6
3.0629,-0.81186,5,13,7,6
3.787,-1.19,5,13,7,6
4.2101,-3.7665,5,14,7,6
4.8302,-2.2728,5,14,7,6
5.1684,-2.0219,5,14,7,6
6.2708,-1.4059,5,14,7,6
5.0718,-2.9514,5,14,7,6
3.1745,-1.6486,5,13,7,6
3.1357,-1.4167,5,13,7,6
2.8697,-1.9426,5,13,7,6
2.6311,-1.8911,5,13,7,6
3.7041,-3.7141,5,13,7,6
3.0208,-1.7361,5,13,7,6
4.8843,-2.4043,5,14,7,6
4.7744,-1.059,5,14,7,6
5.3324,-1.0084,5,14,7,6
4.0594,-1.989,5,14,7,6
5.5744,-1.5641,5,14,7,6
2.4139,-2.5457,5,13,7,6
2.9975,-1.1989,5,13,7,6
2.8588,-1.236,5,13,7,6
3.7442,-2.9559,5,13,7,6
5.243,-2.1236,5,14,7,6
4.9751,-1.6937,5,14,7,6
3.0689,-1.2088,5,13,7,6
2.4018,-0.75508,5,13,7,6
3.5449,-3.8219,5,13,7,6
3.4558,-1.8417,5,13,7,6
3.8959,-2.311,5,13,7,6
5.0148,-2.5539,5,14,7,6
2.9889,-1.5796,5,13,7,6
4.2449,-1.6159,5,14,7,6
4.6835,-1.1394,5,14,7,6
3.8827,-1.7197,5,13,7,6
4.4204,-3.0545,5,14,7,6
3.9409,-2.4502,5,13,7,6
2.8998,-0.8393,5,13,7,6
4.4436,-1.7021,5,14,7,6
3.7444,-2.1595,5,13,7,6
2.6066,-2.2177,5,13,7,6
4.2795,-1.7272,5,14,7,6
3.6736,-1.3946,5,13,7,6
4.5874,-0.86534,5,14,7,6
4.4421,-3.8771,5,14,7,6
3.8471,-1.3737,5,13,7,6
4.6908,-0.89924,5,14,7,6
3.1366,-0.65218,5,13,7,6
4.2318,-3.0155,5,14,7,6
4.2559,-1.3636,5,14,7,6
4.0093,-2.5724,5,14,7,6
2.6835,-2.5312,5,13,7,6
4.5345,-2.4696,5,14,7,6
4.4768,-3.7815,5,14,7,6
2.8057,-0.15325,5,13,7,6
5.0565,-2.7016,5,14,7,6
2.2523,-3.2931,5,13,7,6
2.3223,-3.2735,5,13,7,6
4.0505,-1.4995,5,14,7,6
4.3375,-0.36969,5,14,7,6
4.5623,-3.2092,5,14,7,6
2.0329,-1.5512,5,13,7,6
3.4523,-3.0117,5,13,7,6
6.1866,-0.76782,5,14,7,6
4.6467,-2.3662,5,14,7,6
3.7021,-2.0691,5,13,7,6
4.237,0.828,5,14,7,6
5.1009,-3.9075,5,14,7,6
2.2041,-1.8132,5,13,7,6
3.8776,-3.7003,5,13,7,6
6.2365,-1.0026,5,14,7,6
4.414,-1.7779,5,14,7,6
4.6059,-2.5699,5,14,7,6
5.8634,-3.5046,5,14,7,6
3.0325,-0.56264,5,13,7,6
2.7923,-2.5292,5,13,7,6
4.9669,-4.1252,5,14,7,6
3.431,-1.7742,5,13,7,6
4.0453,-3.7489,5,14,7,6
3.6307,-2.518,5,13,7,6
5.9929,-2.1281,5,14,7,6
3.2156,-1.5392,5,13,7,6
3.0474,-3.1783,5,13,7,6
4.3629,-1.7122,5,14,7,6
5.5025,-2.637,5,14,7,6
6.1207,-1.7057,5,14,7,6
4.8185,-1.644,5,14,7,6
3.6723,-1.3236,5,13,7,6
5.6093,-1.6571,5,14,7,6
5.3333,-1.3981,5,14,7,6
4.4231,-1.8498,5,14,7,6
3.3169,0.032177,5,13,7,6
4.9826,-1.2271,5,14,7,6
4.228,-2.4338,5,14,7,6
3.9123,-1.0557,5,13,7,6
2.6565,-1.4557,5,13,7,6
2.321,-2.562,5,13,7,6
4.1151,-2.3075,5,14,7,6
4.9179,-2.2185,5,14,7,6
3.9014,-1.5526,5,13,7,6
3.7724,-1.8268,5,13,7,6
2.5604,-4.412,5,13,7,6
5.0792,-2.6969,5,14,7,6
3.0667,-2.3957,5,13,7,6
4.4872,-1.4789,5,14,7,6
3.3224,-3.4452,5,13,7,6
3.1934,-1.5607,5,13,7,6
3.0927,-1.5163,5,13,7,6
4.4844,-2.2308,5,14,7,6
2.9085,-1.958,5,13,7,6
4.9683,-3.0557,5,14,7,6
3.0931,-3.0478,5,13,7,6
6.0408,-3.6804,5,14,7,6
2.282,-1.8683,5,13,7,6
6.0176,-3.7121,5,14,7,6
3.7151,-0.88391,5,13,7,6
2.9565,-2.4882,5,13,7,6
5.0959,-1.9752,5,14,7,6
2.1852,-2.6008,5,13,7,6
5.429,-2.627,5,14,7,6
2.3639,-4.2958,5,13,7,6
3.4973,-1.5092,5,13,7,6
3.9259,-1.2668,5,13,7,6
5.4945,-1.2354,5,14,7,6
3.0255,-2.309,5,13,7,6
3.5131,-2.0506,5,13,7,6
0.67413,-4.0212,6,15,8,6
1.4549,-3.3508,6,15,8,6
3.1964,-3.5248,6,16,8,6
1.099,-4.9149,6,15,8,6
3.2081,-4.0011,6,16,8,6
2.7533,-3.4997,6,16,8,6
1.326,-2.7092,6,15,8,6
1.5618,-3.3852,6,15,8,6
2.3219,-3.2091,6,16,8,6
2.4552,-3.6793,6,16,8,6
2.3486,-3.843,6,16,8,6
1.5664,-2.8968,6,15,8,6
-0.12774,-4.2744,6,15,8,6
-0.14096,-5.795,6,15,8,6
3.0616,-4.7468,6,16,8,6
1.029,-5.0558,6,15,8,6
2.5795,-5.4594,6,16,8,6
0.52107,-4.1796,6,15,8,6
1.9851,-4.9606,6,15,8,6
2.8189,-3.6579,6,16,8,6
0.52817,-4.288,6,15,8,6
2.2869,-3.2386,6,16,8,6
2.4206,-5.0361,6,16,8,6
1.8107,-2.681,6,15,8,6
1.9838,-4.4195,6,15,8,6
1.6774,-5.0033,6,15,8,6
0.74979,-5.2346,6,15,8,6
2.4717,-2.396,6,16,8,6
-0.25987,-2.1966,6,15,8,6
2.0868,-3.7792,6,16,8,6
3.2358,-3.6559,6,16,8,6
1.6997,-5.3799,6,15,8,6
2.151,-3.1019,6,16,8,6
1.7027,-4.4676,6,15,8,6
1.8064,-4.1174,6,15,8,6
1.9222,-2.7087,6,15,8,6
2.2541,-4.445,6,16,8,6
2.6091,-4.8832,6,16,8,6
0.58857,-3.8532,6,15,8,6
0.42866,-2.6684,6,15,8,6
1.242,-3.5435,6,15,8,6
0.979,-4.2331,6,15,8,6
1.7302,-3.0454,6,15,8,6
2.421,-3.1159,6,16,8,6
0.71677,-4.0344,6,15,8,6
0.83539,-3.4197,6,15,8,6
1.7075,-1.8482,6,15,8,6
1.2058,-4.9957,6,15,8,6
0.93025,-4.6655,6,15,8,6
1.6774,-3.4564,6,15,8,6
0.94685,-4.6679,6,15,8,6
3.0658,-4.1664,6,16,8,6
0.43291,-4.6244,6,15,8,6
3.112,-2.5248,6,16,8,6
4.1019,-4.8143,6,16,8,6
2.6451,-5.1032,6,16,8,6
0.88216,-2.8252,6,15,8,6
2.4034,-4.2816,6,16,8,6
4.0421,-3.8841,6,16,8,6
2.2298,-3.9466,6,16,8,6
3.1623,-2.0517,6,16,8,6
1.3571,-3.8843,6,15,8,6
1.4012,-5.5668,6,15,8,6
1.2982,-0.5843,6,15,8,6
2.4672,-3.136,6,16,8,6
1.2817,-4.0906,6,15,8,6
3.1555,-4.7311,6,16,8,6
0.12155,-3.2638,6,15,8,6
2.0419,-2.9928,6,16,8,6
5.4838,-6.6014,6,16,8,6
1.8311,-3.5089,6,15,8,6
2.9673,-4.7536,6,16,8,6
1.6656,-3.4235,6,15,8,6
2.6302,-3.6071,6,16,8,6
2.0274,-4.0594,6,16,8,6
1.8613,-5.0662,6,15,8,6
0.56446,-4.1872,6,15,8,6
1.5452,-1.1666,6,15,8,6
2.4302,-4.7425,6,16,8,6
3.1747,-4.7389,6,16,8,6
1.6178,-3.7814,6,15,8,6
2.0973,-2.9841,6,16,8,6
2.4372,-4.6883,6,16,8,6
1.3906,-2.9944,6,15,8,6
1.1335,-3.0181,6,15,8,6
2.7077,-4.7577,6,16,8,6
1.3569,-4.1382,6,15,8,6
2.7498,-5.6051,6,16,8,6
0.76769,-2.523,6,15,8,6
1.8188,-2.8466,6,15,8,6
0.94961,-3.23,6,15,8,6
1.3719,-3.5248,6,15,8,6
1.8935,-3.9538,6,15,8,6
1.4579,-2.4271,6,15,8,6
0.10193,-4.4371,6,15,8,6
0.1335,-4.9076,6,15,8,6
3.3765,-4.3411,6,16,8,6
1.9637,-3.4978,6,15,8,6
2.5312,-3.2604,6,16,8,6
1.4091,-4.4877,6,15,8,6
0.64518,-4.3807,6,15,8,6
1.6588,-5.1964,6,15,8,6
1.9928,-2.6362,6,15,8,6
1.887,-4.6536,6,15,8,6
2.8686,-2.7355,6,16,8,6
0.28477,-5.4756,6,15,8,6
1.3588,-3.6647,6,15,8,6
2.8638,-3.2373,6,16,8,6
2.2122,-2.9909,6,16,8,6
0.92512,-2.5714,6,15,8,6
1.5087,-2.8821,6,15,8,6
2.8769,-3.6008,6,16,8,6
0.36652,-4.3615,6,15,8,6
2.5988,-3.7902,6,16,8,6
2.507,-4.0411,6,16,8,6
1.2793,-4.4294,6,15,8,6
0.95966,-4.2576,6,15,8,6
0.86007,-4.6318,6,15,8,6
0.87688,-5.5638,6,15,8,6
3.7342,-3.7366,6,16,8,6
3.2255,-4.325,6,16,8,6
2.5212,-4.2777,6,16,8,6
1.8336,-5.8572,6,15,8,6
1.0925,-4.2014,6,15,8,6
0.93955,-5.1425,6,15,8,6
2.2019,-3.4853,6,16,8,6
2.6001,-4.5038,6,16,8,6
3.7966,-1.4551,6,16,8,6
-0.028049,-3.1439,6,15,8,6
2.1916,-3.9914,6,16,8,6
1.6226,-3.7348,6,15,8,6
1.0622,-3.3814,6,15,8,6
0.56846,-4.0338,6,15,8,6
2.1766,-3.4466,6,16,8,6
0.88311,-4.4415,6,15,8,6
0.76064,-2.6426,6,15,8,6
3.3443,-5.3237,6,16,8,6
1.3095,-3.9826,6,15,8,6
3.1596,-4.0013,6,16,8,6
2.1688,-4.163,6,16,8,6
1.7335,-4.2379,6,15,8,6
1.7467,-4.0019,6,15,8,6
2.316,-2.9256,6,16,8,6
1.1762,-4.0286,6,15,8,6
1.8313,-3.6019,6,15,8,6
3.4424,-2.7289,6,16,8,6
1.3121,-1.2873,6,15,8,6
2.3452,-5.2239,6,16,8,6
3.3895,-5.2084,6,16,8,6
1.8116,-5.0575,6,15,8,6
3.4515,-5.1826,6,16,8,6
2.1144,-3.5601,6,16,8,6
2.9,-4.1696,6,16,8,6
1.9071,-2.9185,6,15,8,6
3.7127,-4.9805,6,16,8,6
0.53924,-5.7643,6,15,8,6
1.5412,-2.0413,6,15,8,6
2.0309,-3.8149,6,16,8,6
2.2685,-5.1671,6,16,8,6
3.4828,-4.0314,6,16,8,6
0.74288,-3.532,6,15,8,6
1.9624,-4.7619,6,15,8,6
1.1219,-4.8685,6,15,8,6
1.1962,-3.482,6,15,8,6
1.8129,-4.2534,6,15,8,6
2.0272,-4.9684,6,16,8,6
3.0597,-4.3801,6,16,8,6
1.9771,-3.6479,6,15,8,6
1.7993,-3.5688,6,15,8,6
1.6873,-3.2733,6,15,8,6
2.6083,-4.2314,6,16,8,6
2.3617,-5.2441,6,16,8,6
1.7636,-4.2348,6,15,8,6
2.7308,-3.2413,6,16,8,6
3.517,-5.2693,6,16,8,6
3.9206,-4.1824,6,16,8,6
1.5854,-4.9033,6,15,8,6
2.6661,-3.1785,6,16,8,6
0.88147,-4.6513,6,15,8,6
1.2993,-2.6423,6,15,8,6
0.78271,-5.2361,6,15,8,6
3.086,-4.3235,6,16,8,6
3.506,-3.7571,6,16,8,6
3.9053,-2.1032,6,16,8,6
1.2261,-3.8252,6,15,8,6
2.4849,-3.2821,6,16,8,6
3.4031,-4.596,6,16,8,6
2.625,-4.9126,6,16,8,6
2.5517,-3.7515,6,16,8,6
1.6772,-1.6812,6,15,8,6
2.1527,-3.8613,6,16,8,6
3.7192,-3.9315,6,16,8,6
1.6063,-2.4381,6,15,8,6
2.2754,-3.7926,6,16,8,6
3.0216,-3.5077,6,16,8,6
2.6436,-4.6341,6,16,8,6
3.1989,-3.6304,6,16,8,6
2.4628,-2.4971,6,16,8,6
2.3089,-3.7569,6,16,8,6
2.7332,-2.1508,6,16,8,6
4.653,-3.6808,7,18,9,6
4.6347,-2.705,7,18,9,6
3.2418,-3.2476,7,18,9,6
3.8611,-5.2996,7,18,9,6
4.3025,-5.1982,7,18,9,6
3.8157,-2.4732,7,18,9,6
5.298,-5.4807,7,18,9,6
5.9148,-3.869,7,18,9,6
4.3578,-3.0301,7,18,9,6
4.3755,-4.9594,7,18,9,6
3.1514,-7.0126,7,18,9,6
3.7084,-4.0455,7,18,9,6
4.0096,-3.9457,7,18,9,6
6.2639,-4.967,7,18,9,6
1.3728,-2.9045,7,17,9,6
6.1293,-4.064,7,18,9,6
3.1759,-4.2532,7,18,9,6
4.3169,-4.3047,7,18,9,6
2.2443,-4.755,7,18,9,6
2.5807,-3.5401,7,18,9,6
3.4825,-2.2935,7,18,9,6
2.8625,-4.4654,7,18,9,6
1.9544,-2.3069,7,17,9,6
4.4026,-4.4661,7,18,9,6
4.1221,-4.7305,7,18,9,6
3.5909,-3.7109,7,18,9,6
4.0946,-2.9552,7,18,9,6
3.919,-3.6351,7,18,9,6
3.4187,-4.421,7,18,9,6
5.4709,-3.3011,7,18,9,6
4.2777,-4.5703,7,18,9,6
6.0932,-3.4189,7,18,9,6
5.4059,-4.0535,7,18,9,6
3.3872,-6.1156,7,18,9,6
5.3476,-3.6146,7,18,9,6
4.1466,-3.5209,7,18,9,6
4.7709,-5.1538,7,18,9,6
3.4851,-4.807,7,18,9,6
1.7565,-4.7401,7,17,9,6
3.687,-2.4902,7,18,9,6
3.5392,-2.5974,7,18,9,6
3.2847,-3.3234,7,18,9,6
4.0576,-4.145,7,18,9,6
3.2749,-3.8334,7,18,9,6
4.052,-4.8638,7,18,9,6
4.3657,-3.3194,7,18,9,6
3.4331,-3.3441,7,18,9,6
3.7388,-3.0036,7,18,9,6
3.8751,-5.3615,7,18,9,6
2.9577,-3.4968,7,18,9,6
2.2153,-2.7324,7,18,9,6
3.126,-5.6467,7,18,9,6
1.8558,-5.6214,7,17,9,6
3.3071,-3.4447,7,18,9,6
5.1582,-3.331,7,18,9,6
4.1223,-3.9093,7,18,9,6
3.6052,-5.3872,7,18,9,6
3.3641,-4.9823,7,18,9,6
4.8429,-4.392,7,18,9,6
5.0877,-5.397,7,18,9,6
2.6948,-5.2897,7,18,9,6
4.5398,-4.5123,7,18,9,6
4.4243,-4.5862,7,18,9,6
3.4926,-3.0678,7,18,9,6
2.7187,-3.6992,7,18,9,6
4.743,-3.99,7,18,9,6
2.1031,-5.0963,7,18,9,6
4.6687,-3.4497,7,18,9,6
3.6551,-2.6827,7,18,9,6
5.5514,-2.7446,7,18,9,6
3.3186,-5.3756,7,18,9,6
4.945,-2.5458,7,18,9,6
4.517,-4.4048,7,18,9,6
4.2965,-4.1802,7,18,9,6
2.1567,-4.927,7,18,9,6
4.562,-5.8107,7,18,9,6
4.0827,-2.8132,7,18,9,6
3.5557,-5.1695,7,18,9,6
5.5698,-5.2659,7,18,9,6
3.779,-4.0329,7,18,9,6
3.694,-2.5045,7,18,9,6
4.2191,-4.7725,7,18,9,6
3.8611,-3.9498,7,18,9,6
4.5707,-3.5839,7,18,9,6
5.9281,-3.5776,7,18,9,6
3.7338,-5.9628,7,18,9,6
4.1884,-4.362,7,18,9,6
4.7013,-3.3721,7,18,9,6
2.464,-2.1393,7,18,9,6
4.2364,-4.8689,7,18,9,6
5.7777,-3.3473,7,18,9,6
3.3707,-3.1898,7,18,9,6
3.3805,-4.8245,7,18,9,6
1.5386,-3.9405,7,17,9,6
4.1809,-3.7914,7,18,9,6
5.4001,-3.3689,7,18,9,6
3.5242,-3.0973,7,18,9,6
2.6523,-5.6851,7,18,9,6
4.301,-3.3079,7,18,9,6
4.2798,-3.8602,7,18,9,6
3.6358,-4.9234,7,18,9,6
4.0375,-4.3299,7,18,9,6
3.702,-3.3945,7,18,9,6
4.7002,-4.9128,7,18,9,6
3.0602,-5.5031,7,18,9,6
5.2189,-3.9452,7,18,9,6
2.7036,-3.7311,7,18,9,6
3.4932,-3.7307,7,18,9,6
3.8391,-5.3485,7,18,9,6
4.1891,-3.5958,7,18,9,6
3.6838,-6.8544,7,18,9,6
4.4744,-0.50309,7,18,9,6
4.0764,-4.224,7,18,9,6
4.6602,-3.8753,7,18,9,6
4.0209,-4.2508,7,18,9,6
4.2761,-3.9164,7,18,9,6
3.3983,-5.4032,7,18,9,6
3.0758,-4.7607,7,18,9,6
3.8663,-3.6765,7,18,9,6
3.6021,-2.6571,7,18,9,6
3.8523,-3.4459,7,18,9,6
4.7766,-5.4587,7,18,9,6
5.192,-2.1768,7,18,9,6
5.5279,-2.9618,7,18,9,6
3.3665,-2.523,7,18,9,6
3.5544,-3.0479,7,18,9,6
3.1021,-4.4658,7,18,9,6
2.6505,-4.3056,7,18,9,6
4.3806,-2.2825,7,18,9,6
3.7956,-3.1852,7,18,9,6
5.7504,-4.884,7,18,9,6
4.9112,-5.2772,7,18,9,6
3.3734,-3.9297,7,18,9,6
3.5461,-5.3538,7,18,9,6
3.6245,-2.9876,7,18,9,6
3.232,-4.2915,7,18,9,6
4.2031,-5.3095,7,18,9,6
2.8681,-3.2513,7,18,9,6
2.1265,-4.7898,7,18,9,6
3.9161,-4.2389,7,18,9,6
4.7742,-4.2571,7,18,9,6
3.3907,-5.4729,7,18,9,6
5.0208,-4.5458,7,18,9,6
3.8746,-4.3063,7,18,9,6
3.7067,-5.5993,7,18,9,6
2.3425,-2.9048,7,18,9,6
5.4872,-2.1554,7,18,9,6
2.9316,-3.6299,7,18,9,6
5.209,-4.7885,7,18,9,6
4.014,-3.9254,7,18,9,6
2.4325,-4.6012,7,18,9,6
1.408,-5.1267,7,17,9,6
3.8383,-4.3976,7,18,9,6
3.1888,-2.6517,7,18,9,6
3.4844,-4.0525,7,18,9,6
4.2755,-4.5451,7,18,9,6
4.589,-2.6887,7,18,9,6
5.0624,-3.6995,7,18,9,6
3.1036,-3.3601,7,18,9,6
3.4128,-4.0731,7,18,9,6
4.4928,-3.7991,7,18,9,6
4.8783,-2.923,7,18,9,6
4.6191,-4.1748,7,18,9,6
3.4331,-4.5102,7,18,9,6
4.9268,-3.841,7,18,9,6
1.6197,-4.2682,7,17,9,6
4.0587,-5.5833,7,18,9,6
5.4981,-4.5325,7,18,9,6
3.0449,-6.4485,7,18,9,6
3.1652,-3.2489,7,18,9,6
3.0111,-3.7712,7,18,9,6
3.1993,-3.1896,7,18,9,6
2.4469,-4.5364,7,18,9,6
1.5975,-3.2722,7,17,9,6
5.4642,-5.5147,7,18,9,6
5.2206,-3.2115,7,18,9,6
4.4264,-4.3303,7,18,9,6
3.7034,-3.7243,7,18,9,6
4.0896,-2.3621,7,18,9,6
2.4506,-4.7283,7,18,9,6
2.9675,-2.7528,7,18,9,6
4.7365,-3.8179,7,18,9,6
3.4413,-4.3644,7,18,9,6
5.6385,-2.7025,7,18,9,6
4.1483,-3.9598,7,18,9,6
4.1227,-3.8571,7,18,9,6
3.9485,-2.6749,7,18,9,6
3.5211,-4.4098,7,18,9,6
5.9746,-4.7243,7,18,9,6
1.752,-3.8115,7,17,9,6
4.0069,-4.85,7,18,9,6
3.8512,-3.0343,7,18,9,6
3.2916,-3.2741,7,18,9,6
4.9172,-3.6135,7,18,9,6
3.7404,-4.895,7,18,9,6
3.6612,-4.7115,7,18,9,6
2.7492,-3.6065,7,18,9,6
5.1333,-5.4296,7,18,9,6
4.7895,-3.6762,7,18,9,6
2.6245,-4.6229,7,18,9,6
5.497,-4.0691,8,19,10,6
4.9796,-3.2915,8,19,10,6
5.8977,-2.9506,8,19,10,6
4.4764,-3.3439,8,19,10,6
7.0398,-3.5292,8,20,10,6
6.5212,-5.7094,8,20,10,6
6.3386,-3.8443,8,20,10,6
5.3089,-4.1705,8,19,10,6
5.683,-3.8548,8,19,10,6
4.9193,-2.0771,8,19,10,6
7.3611,-5.96,8,20,10,6
5.6171,-3.3473,8,19,10,6
6.0756,-2.1643,8,20,10,6
5.9222,-4.5759,8,19,10,6
6.5531,-4.0371,8,20,10,6
5.0386,-1.3589,8,19,10,6
6.1689,-2.4876,8,20,10,6
5.6632,-4.5806,8,19,10,6
5.2627,-3.8802,8,19,10,6
7.2098,-5.5863,8,20,10,6
6.867,-3.9458,8,20,10,6
5.7829,-3.1886,8,19,10,6
5.9907,-3.8905,8,19,10,6
6.5657,-4.3321,8,20,10,6
5.6298,-5.4513,8,19,10,6
6.7929,-3.2773,8,20,10,6
4.7382,-3.5041,8,19,10,6
6.1207,-3.4428,8,20,10,6
5.8845,-4.0413,8,19,10,6
5.1836,-2.856,8,19,10,6
5.284,-5.5438,8,19,10,6
5.2285,-3.0853,8,19,10,6
5.7583,-3.8065,8,19,10,6
5.0995,-4.6243,8,19,10,6
5.4204,-4.6291,8,19,10,6
7.6605,-5.5121,8,20,10,6
7.2456,-4.2553,8,20,10,6
5.7912,-4.8065,8,19,10,6
6.5497,-3.3509,8,20,10,6
6.9748,-1.7435,8,20,10,6
5.5271,-2.1018,8,19,10,6
4.2488,-2.3831,8,19,10,6
5.0648,-4.1451,8,19,10,6
6.1731,-4.5947,8,20,10,6
5.6462,-4.0423,8,19,10,6
7.5775,-3.5274,8,20,10,6
5.86,-5.1821,8,19,10,6
6.8256,-2.818,8,20,10,6
4.0496,-3.2858,8,19,10,6
4.9488,-3.7527,8,19,10,6
6.095,-2.6466,8,20,10,6
5.7483,-5.9006,8,19,10,6
5.4519,-2.9149,8,19,10,6
6.7879,-2.7781,8,20,10,6
5.5928,-2.0846,8,19,10,6
6.3314,-3.437,8,20,10,6
6.393,-4.4018,8,20,10,6
5.6581,-4.4486,8,19,10,6
5.5768,-4.4102,8,19,10,6
6.7334,-4.2035,8,20,10,6
6.8984,-5.2921,8,20,10,6
4.8158,-1.9304,8,19,10,6
7.2155,-3.3148,8,20,10,6
6.1538,-4.8762,8,20,10,6
4.4579,-2.6309,8,19,10,6
6.437,-2.5509,8,20,10,6
6.5565,-0.99969,8,20,10,6
6.1124,-5.2788,8,20,10,6
5.2701,-3.5429,8,19,10,6
6.9104,-4.4835,8,20,10,6
7.906,-4.8987,8,20,10,6
5.9813,-3.7418,8,19,10,6
6.1139,-2.1027,8,20,10,6
5.4555,-4.3573,8,19,10,6
6.2072,-6.1324,8,20,10,6
6.8061,-3.9754,8,20,10,6
7.0033,-5.8374,8,20,10,6
4.1759,-4.8053,8,19,10,6
4.2737,-4.1778,8,19,10,6
4.7399,-5.6474,8,19,10,6
5.0243,-4.7797,8,19,10,6
5.7872,-1.9629,8,19,10,6
6.1753,-4.4938,8,20,10,6
5.7013,-5.6075,8,19,10,6
5.517,-3.4361,8,19,10,6
5.4566,-4.2132,8,19,10,6
4.7822,-5.0281,8,19,10,6
4.8767,-2.8236,8,19,10,6
5.6527,-3.4489,8,19,10,6
6.4384,-3.4417,8,20,10,6
4.9324,-3.0572,8,19,10,6
5.141,-3.3979,8,19,10,6
6.752,-4.0489,8,20,10,6
6.0531,-3.8942,8,20,10,6
5.1794,-3.6725,8,19,10,6
5.6582,-4.6411,8,19,10,6
7.3363,-3.7762,8,20,10,6
3.8293,-6.1354,8,19,10,6
6.0038,-5.0528,8,20,10,6
6.3763,-5.7013,8,20,10,6
5.3571,-3.4882,8,19,10,6
4.6997,-3.3194,8,19,10,6
4.9037,-3.493,8,19,10,6
7.0064,-4.4133,8,20,10,6
7.1042,-5.1107,8,20,10,6
5.3621,-2.269,8,19,10,6
6.111,-4.1083,8,20,10,6
8.6776,-4.5618,8,20,10,6
6.4513,-4.8121,8,20,10,6
6.4523,-3.4569,8,20,10,6
5.3326,-5.7714,8,19,10,6
5.9355,-3.6688,8,19,10,6
4.6349,-4.9089,8,19,10,6
5.4864,-2.1845,8,19,10,6
6.0151,-4.9244,8,20,10,6
7.2194,-0.92605,8,20,10,6
7.2948,-5.4584,8,20,10,6
5.5859,-3.6391,8,19,10,6
4.0317,-3.4629,8,19,10,6
5.5936,-3.1233,8,19,10,6
6.8868,-3.1757,8,20,10,6
6.5017,-4.7439,8,20,10,6
6.7472,-5.0721,8,20,10,6
6.5274,-4.8031,8,20,10,6
5.141,-3.4223,8,19,10,6
5.0909,-1.783,8,19,10,6
4.9154,-5.9741,8,19,10,6
6.3727,-4.63,8,20,10,6
7.7105,-4.13,8,20,10,6
5.7614,-4.8187,8,19,10,6
4.9803,-5.4648,8,19,10,6
4.3154,-4.5469,8,19,10,6
5.7381,-5.6009,8,19,10,6
6.918,-4.2201,8,20,10,6
5.4164,-4.1874,8,19,10,6
6.2963,-4.3434,8,20,10,6
4.1183,-3.552,8,19,10,6
5.7191,-3.021,8,19,10,6
6.295,-3.5769,8,20,10,6
3.9342,-4.8178,8,19,10,6
5.542,-6.9036,8,19,10,6
6.0779,-2.931,8,20,10,6
7.6843,-4.9753,8,20,10,6
5.3908,-5.9008,8,19,10,6
5.1285,-3.9217,8,19,10,6
6.2689,-3.8013,8,20,10,6
5.0051,-1.4531,8,19,10,6
5.4081,-4.2632,8,19,10,6
7.2323,-4.9216,8,20,10,6
7.4652,-4.6522,8,20,10,6
7.3002,-4.6382,8,20,10,6
4.1156,-4.3359,8,19,10,6
6.2921,-4.7875,8,20,10,6
5.5424,-4.6356,8,19,10,6
4.0174,-4.641,8,19,10,6
5.8423,-5.2156,8,19,10,6
6.2561,-5.1916,8,20,10,6
7.2667,-3.0011,8,20,10,6
6.7795,-4.1329,8,20,10,6
7.6479,-5.0307,8,20,10,6
6.1674,-4.0077,8,20,10,6
6.7185,-3.2176,8,20,10,6
6.7708,-2.7085,8,20,10,6
4.9757,-3.3328,8,19,10,6
7.4318,-3.9551,8,20,10,6
7.2824,-4.9531,8,20,10,6
7.469,-2.5832,8,20,10,6
6.1473,-4.4767,8,20,10,6
6.6717,-4.3465,8,20,10,6
6.3996,-5.1723,8,20,10,6
5.366,-3.7263,8,19,10,6
6.9974,-2.7988,8,20,10,6
6.407,-4.4221,8,20,10,6
6.0371,-7.095,8,20,10,6
4.3521,-3.4348,8,19,10,6
4.8207,-4.3518,8,19,10,6
7.3688,-4.4739,8,20,10,6
6.3364,-4.0761,8,20,10,6
6.502,-4.3065,8,20,10,6
5.9758,-4.4757,8,19,10,6
5.9051,-4.8478,8,19,10,6
6.5279,-2.5892,8,20,10,6
5.5561,-4.7053,8,19,10,6
7.6897,-4.8025,8,20,10,6
7.3417,-3.7489,8,20,10,6
5.4322,-3.135,8,19,10,6
7.3296,-4.1542,8,20,10,6
7.0355,-4.1165,8,20,10,6
6.0281,-4.2078,8,20,10,6
6.7298,-2.7212,8,20,10,6
6.848,-3.1631,8,20,10,6
5.7888,-3.8994,8,19,10,6
6.5297,-4.9176,8,20,10,6
5.916,-5.0824,8,19,10,6
5.9984,-3.1524,8,19,10,6
5.5662,-5.1782,8,19,10,6
7.0911,-3.3706,8,20,10,6
4.8779,-4.2034,8,19,10,6
4.4613,-3.6364,8,19,10,6
5.7361,-4.4438,8,19,10,6
4.4304,-5.9029,9,22,11,6
5.2177,-4.9201,9,22,11,6
4.3259,-4.6063,9,22,11,6
2.9666,-5.8312,9,22,11,6
2.4102,-6.0969,9,21,11,6
4.2178,-5.1062,9,21,11,6
4.1328,-5.9581,9,22,11,6
5.8361,-6.3971,9,22,11,6
4.1724,-5.3389,9,22,11,6
3.2996,-5.3224,9,22,11,6
4.2967,-5.2782,9,21,11,6
2.2249,-5.7709,9,22,11,6
3.5422,-6.1251,9,21,11,6
4.8732,-7.093,9,21,11,6
3.7103,-6.6995,9,22,11,6
5.7629,-4.9655,9,21,11,6
3.1102,-6.5937,9,22,11,6
4.6489,-5.7494,9,21,11,6
3.7149,-5.6699,9,22,11,6
4.8319,-5.21,9,21,11,6
5.0155,-4.423,9,22,11,6
3.7347,-6.9063,9,22,11,6
4.3207,-7.0969,9,21,11,6
5.0511,-3.5609,9,22,11,6
4.7373,-4.2224,9,22,11,6
2.2968,-6.8305,9,22,11,6
2.9323,-5.7582,9,21,11,6
3.8373,-6.8942,9,21,11,6
3.9072,-5.8952,9,21,11,6
4.5497,-6.3871,9,21,11,6
2.963,-8.4909,9,22,11,6
4.8609,-5.6828,9,21,11,6
4.9584,-5.9555,9,22,11,6
5.7229,-6.3655,9,22,11,6
2.9974,-7.013,9,22,11,6
4.2363,-6.9641,9,21,11,6
3.7971,-6.5786,9,22,11,6
4.85,-7.8629,9,21,11,6
5.1492,-7.408,9,22,11,6
4.5704,-6.269,9,22,11,6
3.6996,-6.3573,9,22,11,6
3.0749,-5.6486,9,21,11,6
3.5648,-4.7255,9,21,11,6
5.1273,-4.5514,9,21,11,6
2.9924,-6.2625,9,22,11,6
5.0249,-5.7675,9,21,11,6
4.4896,-4.6576,9,22,11,6
4.1383,-5.9086,9,22,11,6
2.9267,-4.5105,9,22,11,6
2.1064,-6.8346,9,21,11,6
3.7527,-5.6234,9,21,11,6
4.2051,-3.8917,9,21,11,6
4.8102,-3.9135,9,22,11,6
2.4101,-4.1178,9,22,11,6
3.5342,-7.322,9,21,11,6
2.7936,-4.363,9,21,11,6
2.9743,-6.29,9,21,11,6
1.5626,-4.4199,9,21,11,6
4.0202,-5.3843,9,21,11,6
4.535,-7.3168,9,22,11,6
4.2865,-7.3934,9,22,11,6
5.1502,-3.4531,9,22,11,6
5.4619,-7.6981,9,22,11,6
6.4302,-5.1863,9,22,11,6
2.0746,-5.6118,9,22,11,6
2.6822,-6.3944,9,21,11,6
5.1845,-5.5536,9,21,11,6
3.3288,-5.5134,9,22,11,6
4.6108,-4.9169,9,21,11,6
3.4791,-6.6494,9,22,11,6
4.6535,-2.5246,9,21,11,6
2.2463,-5.0411,9,22,11,6
4.8858,-4.733,9,21,11,6
3.3544,-5.5379,9,22,11,6
5.4256,-4.7556,9,21,11,6
4.4424,-6.4785,9,22,11,6
4.8608,-5.8466,9,22,11,6
3.8634,-6.1972,9,22,11,6
4.6262,-6.346,9,21,11,6
5.1498,-6.5905,9,22,11,6
4.942,-6.1535,9,22,11,6
4.1442,-4.9674,9,22,11,6
4.1829,-4.5598,9,22,11,6
5.403,-5.0369,9,22,11,6
4.3198,-8.2892,9,22,11,6
3.032,-5.4711,9,22,11,6
4.998,-4.4912,9,21,11,6
1.8304,-4.8142,9,22,11,6
3.4592,-6.4711,9,21,11,6
3.4821,-6.66,9,21,11,6
3.8786,-6.6961,9,21,11,6
3.9004,-6.6044,9,21,11,6
5.6635,-5.0672,9,21,11,6
5.2908,-5.275,9,22,11,6
3.1097,-6.3619,9,22,11,6
4.0473,-4.1953,9,21,11,6
6.5929,-5.1981,9,22,11,6
3.2691,-6.682,9,22,11,6
4.7295,-8.3962,9,21,11,6
3.9739,-5.775,9,22,11,6
4.9873,-6.2933,9,21,11,6
3.6616,-6.5469,9,22,11,6
3.4573,-4.6946,9,21,11,6
4.4405,-6.3253,9,21,11,6
4.0662,-3.6906,9,22,11,6
3.8863,-6.1165,9,22,11,6
3.7913,-6.8714,9,21,11,6
3.8794,-7.3609,9,21,11,6
3.4594,-6.2292,9,21,11,6
2.9288,-5.4306,9,21,11,6
4.5435,-8.1619,9,21,11,6
3.9708,-5.5916,9,22,11,6
4.9004,-4.8469,9,21,11,6
4.925,-6.4304,9,22,11,6
4.6831,-5.315,9,22,11,6
2.8768,-6.0982,9,22,11,6
3.5279,-5.0367,9,21,11,6
2.6089,-4.7953,9,21,11,6
3.3545,-7.9348,9,21,11,6
3.3544,-7.4551,9,21,11,6
4.8177,-6.3326,9,21,11,6
3.9589,-5.2967,9,22,11,6
4.1133,-6.1359,9,21,11,6
3.3712,-6.3253,9,22,11,6
5.5394,-4.5219,9,21,11,6
3.3729,-6.0405,9,22,11,6
3.2785,-6.4307,9,21,11,6
4.4732,-5.1659,9,21,11,6
4.9556,-7.1353,9,22,11,6
4.5867,-6.6533,9,22,11,6
3.84,-6.3069,9,22,11,6
4.8589,-6.8034,9,21,11,6
4.5804,-6.4767,9,22,11,6
3.6088,-5.4853,9,22,11,6
3.6833,-6.288,9,21,11,6
5.8607,-3.3404,9,21,11,6
3.7045,-7.2243,9,22,11,6
3.9992,-3.6422,9,21,11,6
4.1927,-6.6972,9,21,11,6
4.3818,-4.7572,9,22,11,6
4.7071,-5.6101,9,22,11,6
5.1159,-6.9354,9,22,11,6
4.449,-5.8381,9,22,11,6
3.3905,-4.95,9,22,11,6
4.1936,-4.8266,9,21,11,6
4.7005,-6.5548,9,22,11,6
5.8238,-6.1125,9,22,11,6
3.3766,-5.914,9,22,11,6
3.6422,-5.8754,9,21,11,6
4.6882,-4.7701,9,21,11,6
3.0831,-6.2075,9,22,11,6
3.8309,-5.149,9,21,11,6
4.2394,-4.9009,9,21,11,6
3.7626,-5.5326,9,22,11,6
4.5504,-7.0237,9,21,11,6
2.7239,-6.6434,9,22,11,6
3.8235,-5.3856,9,21,11,6
3.6556,-6.6147,9,21,11,6
2.7394,-4.295,9,21,11,6
4.8836,-6.8643,9,21,11,6
3.4567,-4.8402,9,22,11,6
3.7287,-6.3107,9,21,11,6
5.6622,-4.8485,9,21,11,6
4.8804,-7.6957,9,22,11,6
4.5438,-4.5296,9,22,11,6
3.3627,-5.2556,9,22,11,6
3.4091,-6.5247,9,21,11,6
3.5942,-5.4678,9,21,11,6
3.858,-5.5348,9,21,11,6
2.8976,-5.196,9,21,11,6
1.7738,-6.4334,9,21,11,6
4.4726,-7.138,9,21,11,6
2.3123,-6.0266,9,22,11,6
2.4754,-5.087,9,21,11,6
4.2094,-4.9588,9,21,11,6
4.8402,-5.9804,9,22,11,6
3.0148,-6.5938,9,22,11,6
5.2774,-6.579,9,21,11,6
5.7828,-6.2818,9,22,11,6
4.6574,-7.6572,9,22,11,6
3.3622,-5.7877,9,22,11,6
4.3608,-5.084,9,21,11,6
3.7758,-6.0732,9,22,11,6
4.137,-6.1778,9,21,11,6
3.1574,-5.1601,9,22,11,6
4.0885,-6.8639,9,21,11,6
3.8391,-3.5174,9,22,11,6
4.6911,-7.7751,9,21,11,6
2.5964,-6.2412,9,22,11,6
5.0203,-6.104,9,21,11,6
4.8539,-5.5933,9,22,11,6
4.7023,-5.4384,9,22,11,6
4.0904,-5.914,9,22,11,6
2.2293,-7.9397,9,22,11,6
4.1033,-5.9175,9,21,11,6
3.9564,-6.0312,9,22,11,6
5.249,-6.9427,9,21,11,6
3.5905,-6.0613,9,22,11,6
5.4923,-6.3886,9,21,11,6
3.1785,-4.9207,9,22,11,6
