class,f1,f2,f3,f4,f5,f6,f7,f8,f9,f10,f11
1,0.654245,-0.078435,1.022016,-0.24112,0.002635,-0.056349,-0.278968,-0.100335,0.401171,-0.034771,0.638488
1,0.630006,-0.074673,0.951818,-0.090711,0.153458,-0.0711,-0.269844,-0.082881,0.336058,-0.020219,0.590888
1,-0.342609,0.025683,0.602567,-0.571795,-0.583388,-0.052156,0.097064,-0.11076,0.439579,-0.1861,0.830966
1,-0.326534,0.012121,0.554673,-0.418821,-0.420305,-0.072871,0.093032,-0.113338,0.390782,-0.197885,0.826848
1,-0.345936,-0.000415,0.497188,-0.180727,-0.167908,-0.126904,0.102539,-0.096929,0.387117,-0.221178,0.802937
1,0.502732,-0.025164,0.472599,-0.349988,-0.30643,0.001105,0.03681,0.054866,0.003208,-0.079857,0.617174
1,0.550907,-0.053906,0.755292,-0.406451,-0.350951,-0.004772,0.059326,0.035254,-0.053417,-0.100486,0.490493
1,0.540047,-0.054883,0.754622,-0.476718,-0.420326,0.021892,0.034635,0.04909,-0.065708,-0.0763,0.481211
1,-0.453724,-0.016964,0.178742,-0.147405,-0.063065,0.045766,-0.229664,-0.038779,0.211247,0.052826,0.475329
1,-0.573848,-0.042027,0.315726,0.275691,-0.118295,-0.01438,-0.113717,-0.118803,0.365143,-0.133762,0.59116
1,0.168196,0.035408,0.401318,-0.116084,-0.058513,-0.040864,0.002384,-0.085856,0.13378,-0.052386,0.696884
1,-0.274023,0.219429,0.286281,-0.094408,-0.039432,0.055798,-0.083886,-0.374838,0.103455,0.205063,0.620542
1,-0.249709,-0.016641,0.509739,-0.339646,-0.759151,0.111432,-0.111415,-0.036914,0.328151,-0.067375,0.71604
1,-0.408465,-0.024694,0.419942,0.062315,-0.351882,0.000738,-0.062577,-0.122389,0.397449,-0.155237,0.668882
1,-0.308779,0.056637,0.419682,-0.350752,-0.322246,-0.0042,-0.027051,-0.181371,0.309248,-0.050028,0.682819
1,0.063841,0.007971,0.131923,-0.125294,-0.061271,-0.071605,-0.149963,-0.176801,0.633128,-0.121657,0.514843
1,0.525692,0.012644,-0.006941,-0.048392,0.099403,0.021601,-0.352188,-0.037225,0.441138,0.05922,0.686595
1,0.583629,0.003233,0.107305,-0.2931,-0.173296,0.023254,-0.302934,-0.06891,0.551924,-0.019493,0.785716
1,-1.456695,-0.138971,0.73185,-0.641788,-0.440831,0.117011,-0.463088,0.02709,0.38287,0.093963,0.822967
1,-1.391815,-0.138076,0.621599,-0.247243,-0.044032,0.017387,-0.400075,-0.022673,0.390104,0.02585,0.761324
1,0.549203,-0.031416,1.173141,-0.632789,-0.438868,0.014941,-0.213769,-0.073505,0.372746,0.013225,0.62838
1,0.631673,-0.01911,0.171242,-0.503518,-0.393474,0.055813,-0.324046,-0.061003,0.607625,-0.048095,0.839675
1,0.48465,-0.036994,1.176286,-0.285023,-0.054692,-0.072639,-0.21246,-0.152915,0.41895,-0.01849,0.577624
1,0.526262,-0.077031,1.246455,-0.323302,-0.529043,0.082059,-0.345695,-0.066618,0.428841,0.0275,0.640546
1,-0.412455,0.028721,0.553737,-0.143475,-0.140528,-0.156616,0.160969,-0.130308,0.403476,-0.238199,0.872616
1,-0.349848,0.006282,0.516721,-0.105319,-0.091358,-0.164545,0.134639,-0.115635,0.429004,-0.246351,0.808815
1,-0.560142,0.079112,0.571688,0.091902,-0.463625,-0.494848,-0.139427,-0.158441,0.370873,-0.318896,0.83376
1,-0.505202,0.021933,0.539421,-0.377873,-0.390195,-0.088336,0.109053,-0.133845,0.426061,-0.211897,0.839573
1,-0.477195,0.038283,0.594245,-0.368407,-0.36247,-0.09468,0.102601,-0.145001,0.437799,-0.181447,0.847507
1,-0.482452,0.165106,0.498027,-0.00362,-0.122502,-0.61662,-0.021214,-0.18194,0.393273,-0.287235,0.801885
1,-0.45334,0.005147,0.567466,-0.407806,-0.411011,-0.083262,0.09476,-0.147714,0.42319,-0.220159,0.829927
1,0.595183,-0.018368,0.261592,-0.153465,-0.057948,-0.030514,-0.127732,-0.017089,0.292327,-0.077437,0.722985
1,0.643736,-0.015546,0.088492,-0.227018,-0.097241,0.000639,-0.317496,-0.075896,0.596766,-0.054861,0.820451
1,-0.429875,0.083336,0.479387,-0.264962,-0.222356,-0.0397,0.009855,0.08282,0.280568,0.03284,0.766267
1,-0.214468,-0.028615,0.414167,-0.613919,-0.568214,0.097104,-0.143552,0.019207,0.185225,-0.003642,0.672962
1,-0.360002,-0.061627,0.41874,0.05781,-0.315126,0.068664,-0.160752,0.025756,0.17933,-0.055583,0.707148
1,-0.314398,0.21451,0.472335,-0.290033,-0.261904,-0.043307,0.070672,0.217645,0.350886,0.103294,0.733251
1,-0.493229,-0.051979,0.388825,0.033635,0.089593,-0.113133,-0.008989,-0.084513,0.278891,-0.184376,0.732374
1,0.121666,-0.025602,0.29118,-0.350592,-0.312631,0.030673,-0.088479,0.019274,0.17982,-0.069225,0.699627
1,0.055669,-0.027867,0.144146,-0.055081,0.020571,0.019452,-0.165663,0.019173,0.111055,-0.003966,0.582385
1,0.120986,-0.018316,0.167713,-0.032963,0.04656,0.016372,-0.153709,0.022047,0.079587,0.002728,0.604894
1,0.184074,-0.004912,0.227117,-0.066729,-0.002185,-0.007473,-0.094918,0.016919,0.116017,-0.028515,0.656807
1,0.275415,-0.041099,0.37172,0.052399,-0.336928,0.073357,-0.115059,0.043152,0.114177,-0.070646,0.730313
1,0.241502,-0.00944,0.205541,-0.001492,0.074161,-0.012842,-0.110085,0.020527,0.099126,-0.025438,0.647362
1,0.236176,-0.012881,0.239264,-0.038131,0.032109,-0.009701,-0.094621,0.019621,0.081348,-0.035185,0.670535
1,0.312521,-0.025873,0.437278,0.663385,-0.615856,0.191541,-0.188211,0.063534,0.168221,-0.044632,0.75916
1,0.24622,-0.002459,0.294525,0.263292,-0.120367,0.014668,-0.095954,-0.02945,0.216328,-0.077723,0.661494
1,0.155289,-0.033828,0.163527,-0.021805,0.058766,0.005897,-0.152724,0.032801,0.096907,-0.018631,0.603279
1,0.115873,0.035956,0.261348,0.088033,-0.309661,0.085056,-0.135107,-0.008707,0.196904,0.002175,0.661994
1,0.064752,-0.017833,0.210708,0.149965,-0.227476,0.087213,-0.193961,0.013357,0.178057,-0.000193,0.593339
1,-0.087092,0.022039,0.214899,-0.33616,-0.300109,0.054012,-0.126104,-0.019632,0.216482,0.008251,0.602572
1,0.11313,-0.000773,0.263706,-0.206608,-0.156743,0.007027,-0.082866,0.03932,0.163096,-0.032952,0.667966
1,0.099307,0.132846,0.244664,0.05599,-0.459196,-0.311916,-0.358598,0.049809,0.062505,-0.009342,0.651572
1,0.139838,0.022199,0.312744,-0.201762,-0.163162,-0.019913,-0.027135,0.002084,0.198566,-0.059659,0.705131
1,0.126041,-0.005146,0.416958,0.180648,-0.676415,0.151186,-0.14102,0.020108,0.253581,-0.052837,0.722689
1,0.118132,-0.014057,0.211499,-0.174649,-0.115595,0.033663,-0.128119,0.03277,0.092729,-0.010141,0.660529
1,0.26259,0.004065,0.300874,-0.009282,0.053723,-0.04258,-0.035073,0.0028,0.099974,-0.065702,0.701849
1,0.108894,0.007299,0.268305,-0.295976,-0.255289,0.033018,-0.089593,-0.004231,0.16132,-0.028655,0.687662
1,0.131564,-0.006031,0.341479,-0.100196,-0.509222,0.106962,-0.129037,-0.002103,0.200755,-0.042113,0.708042
1,0.201987,-0.008074,0.314153,-0.192554,-0.145225,-0.012746,-0.047702,-0.001163,0.156151,-0.077115,0.712274
1,0.066466,-0.001293,0.075181,-0.00714,0.076223,0.028488,-0.199992,-0.003598,0.134494,0.038539,0.53071
1,0.294401,-0.019729,0.351025,-0.223863,-0.167582,0.007726,-0.064757,0.0385,0.088442,-0.060951,0.737261
1,0.189455,-0.007309,0.316968,-0.239111,-0.191881,0.001432,-0.059573,-0.005181,0.157607,-0.066292,0.705138
1,0.190587,0.00868,0.263651,-0.073746,-0.020087,-0.027552,-0.051134,-0.022854,0.149104,-0.063209,0.693844
1,0.199918,-0.019204,0.218507,-0.040369,0.028,-0.016793,-0.099217,0.015857,0.12676,-0.049447,0.650902
1,0.090468,-0.013598,0.257323,-0.228001,-0.178471,0.024331,-0.099027,0.014064,0.128276,-0.038731,0.677812
1,-0.032117,-0.018213,0.21096,-0.36327,-0.327724,0.0521,-0.133745,0.006028,0.220273,-0.034225,0.619274
1,0.132316,-0.023418,0.228323,0.157124,-0.222754,0.080506,-0.176314,0.017724,0.157822,-0.02051,0.632976
1,0.192469,-0.002089,0.232261,-0.001051,0.06613,-0.032373,-0.075817,0.003441,0.132992,-0.047102,0.651913
1,0.036621,0.140451,0.221496,-0.208818,-0.285363,-0.394001,-0.29128,0.032211,0.065753,-0.036117,0.648741
1,0.139499,-0.007696,0.359627,0.15173,-0.701712,0.18483,-0.188453,0.044363,0.224007,-0.009302,0.705132
1,0.217597,-0.014194,0.329569,0.086442,-0.298736,0.085732,-0.135093,0.028215,0.103784,-0.025491,0.701545
1,-0.05604,-0.016958,0.157785,-0.205892,-0.152129,0.035287,-0.157704,-0.009153,0.199119,-0.014738,0.564439
1,0.080077,-0.001744,0.158036,-0.089735,-0.023974,0.01802,-0.142754,-0.008524,0.140948,-0.001585,0.598329
1,0.179078,0.009439,0.331122,-0.292246,-0.251851,0.008076,-0.050163,0.004203,0.177002,-0.052179,0.713326
1,0.156986,-0.016852,0.279265,-0.199417,-0.150575,0.001972,-0.074267,0.000314,0.147346,-0.069215,0.69452
1,0.063479,-0.01228,0.255447,-0.320262,-0.281796,0.038709,-0.101927,0.010287,0.16761,-0.043859,0.678671
1,0.054884,-0.029644,0.18536,-0.157897,-0.094307,0.030594,-0.148956,0.018574,0.12159,-0.019836,0.616266
1,0.010443,0.004703,0.16103,-0.150435,-0.091272,0.031969,-0.146295,0.013162,0.152083,0.013727,0.592559
1,0.099503,-0.036473,0.254906,0.036696,-0.352389,0.106241,-0.183261,0.017451,0.154524,-0.029305,0.650765
1,0.074203,0.012944,0.287494,0.330633,-0.509387,0.177571,-0.210595,-0.022299,0.176698,0.01528,0.659626
1,0.140995,-0.00824,0.152823,-0.030072,0.045898,0.002334,-0.145593,0.00227,0.144108,-0.006861,0.590261
1,0.288558,0.000374,0.289706,0.012621,0.084544,-0.031644,-0.060156,-0.007962,0.069034,-0.046621,0.692974
1,0.294536,-0.025873,0.33727,-0.179778,-0.121174,-0.001378,-0.063159,0.036538,0.081586,-0.068525,0.728227
1,0.101118,0.001349,0.317756,-0.307543,-0.27793,-0.003631,-0.039303,-0.029037,0.235922,-0.08999,0.705333
1,0.108535,-0.023925,0.149002,-0.046729,0.026942,0.010401,-0.152288,0.022758,0.121898,-0.014084,0.598417
1,0.178311,-0.050714,0.433935,0.119004,-0.73439,0.171503,-0.165187,0.034413,0.205806,-0.077024,0.741957
1,0.138074,-0.031848,0.157213,-0.042256,0.034147,0.008252,-0.152136,0.03342,0.111974,-0.019854,0.605215
1,-0.039636,0.011683,0.200416,-0.243958,-0.199713,0.032068,-0.123193,-0.037051,0.213574,-0.018975,0.599824
1,0.134743,-0.018367,0.214457,-0.147532,-0.086482,0.019362,-0.122092,0.017174,0.115666,-0.026894,0.649243
1,0.105266,-0.029703,0.162679,-0.03902,0.040698,0.016141,-0.159071,0.033298,0.084423,-0.003151,0.597814
1,0.14757,-0.021571,0.207043,0.194575,-0.182624,0.077474,-0.180372,0.039769,0.147249,-0.011059,0.63151
1,0.15993,0.003253,0.283149,-0.182872,-0.129214,0.006292,-0.075707,0.014718,0.129301,-0.039723,0.687245
1,0.346633,-0.011651,0.296644,0.005967,0.075934,-0.047554,-0.049134,0.008236,0.110376,-0.077891,0.709593
1,0.148484,-0.015148,0.095155,-0.00276,0.089335,0.024957,-0.204443,0.013824,0.121643,0.029896,0.543403
1,0.223018,-0.02861,0.322206,-0.152317,-0.101812,-0.025345,-0.040308,0.021577,0.133342,-0.102119,0.725806
1,0.119699,0.019272,0.289899,-0.326668,-0.293239,0.023931,-0.067567,-0.018126,0.203337,-0.04073,0.695925
1,0.131527,-0.041216,0.335539,-0.050189,-0.454483,0.08438,-0.128122,0.013281,0.214327,-0.084425,0.698534
1,0.00285,-0.012565,0.328426,0.154071,-0.698284,0.19664,-0.214267,0.032998,0.226546,0.001764,0.66252
1,0.246129,-0.000343,0.262288,0.003639,0.06971,-0.036705,-0.057284,-0.006884,0.107376,-0.058822,0.685259
1,0.090397,0.005747,0.190012,-0.153937,-0.095468,0.030833,-0.129341,0.012977,0.119033,0.005652,0.637705
1,0.191792,-0.031161,0.325702,0.03036,-0.364897,0.080208,-0.128657,0.032203,0.160635,-0.06012,0.707499
1,-0.078248,0.016699,0.208004,-0.30557,-0.259565,0.062255,-0.14453,-0.005493,0.169957,0.027833,0.605136
1,0.052791,-0.021176,0.144318,-0.093811,-0.026557,0.01917,-0.156176,0.011796,0.146424,-0.013259,0.586813
1,0.273993,-0.018081,0.280858,-0.002967,0.061248,-0.04086,-0.049132,0.002457,0.093863,-0.082843,0.707016
1,0.094474,-0.014784,0.247454,0.084356,-0.306354,0.095543,-0.167615,0.00392,0.15661,-0.017442,0.653006
1,0.123448,0.010057,0.103196,0.00843,0.091128,0.016965,-0.175177,0.003299,0.125431,0.040228,0.559952
1,-0.006475,-0.026599,0.293344,-0.09973,-0.508683,0.112852,-0.160757,-0.001469,0.23057,-0.045298,0.652721
1,0.304033,-0.008165,0.28223,-0.009204,0.060405,-0.033176,-0.061838,0.015961,0.091217,-0.057388,0.700194
1,0.123816,0.008214,0.267419,-0.209603,-0.158673,0.014384,-0.085797,0.014136,0.148911,-0.025629,0.669802
1,0.003605,-0.010307,0.253838,0.015473,-0.388912,0.093696,-0.153811,0.005168,0.221571,-0.033358,0.644071
1,0.119629,0.01639,0.206279,-0.039386,0.022182,-0.025295,-0.085675,-0.023047,0.191152,-0.030979,0.620096
1,0.204795,0.030708,0.237844,-0.037692,0.028288,-0.007701,-0.081892,0.001681,0.099755,0.003116,0.662558
1,-0.110183,0.016199,0.127843,-0.214468,-0.170978,0.033626,-0.150229,-0.032295,0.258005,0.005677,0.531578
1,0.248546,-0.013053,0.338652,-0.210923,-0.158727,0.002181,-0.055793,0.007108,0.102809,-0.066099,0.725574
1,0.124091,-0.008206,0.175424,-0.044044,0.027481,0.003422,-0.13041,0.023848,0.119138,-0.008641,0.616072
1,0.236619,-0.020141,0.284307,-0.168414,-0.114196,-0.00132,-0.074135,0.007952,0.120911,-0.069495,0.70664
1,0.111062,-0.007699,0.252297,-0.208323,-0.157662,0.009538,-0.092062,0.027875,0.167638,-0.038932,0.662312
1,0.219296,0.004797,0.38135,0.034026,-0.366998,0.065405,-0.08182,0.031866,0.160062,-0.044436,0.738688
1,0.096659,-0.008829,0.160868,-0.051665,0.013624,0.000289,-0.127485,0.002849,0.148718,-0.025906,0.611143
1,0.182185,0.011762,0.259986,-0.048546,0.007462,-0.027265,-0.051615,-0.008648,0.125483,-0.049106,0.6917
1,0.143986,-0.019726,0.24724,0.162028,-0.227376,0.063964,-0.141867,0.025464,0.16846,-0.041135,0.667107
1,0.190063,-0.019356,0.269925,-0.055065,0.006589,-0.029513,-0.06304,0.000211,0.121908,-0.074123,0.683046
1,0.064806,0.003249,0.234295,-0.176831,-0.12573,0.020166,-0.099903,-0.00097,0.127506,-0.023258,0.660555
1,0.093005,0.010659,0.289963,0.016377,-0.387397,0.094315,-0.134528,-0.035621,0.192437,-0.021601,0.676171
1,0.087734,-0.019415,0.284102,-0.363715,-0.324838,0.042606,-0.100128,0.016067,0.168722,-0.050295,0.688199
1,0.083674,-0.000427,0.15133,-0.090958,-0.02727,0.020014,-0.141833,0.004131,0.135722,-0.000244,0.606866
1,0.219905,-0.018128,0.264618,-0.057585,0.001454,-0.028907,-0.061439,-0.017285,0.125947,-0.083657,0.695216
1,0.233876,-0.008737,0.242725,0.006985,0.078434,-0.023386,-0.082158,-0.003481,0.082863,-0.043467,0.666696
1,0.111727,-0.020702,0.273268,0.066682,-0.324728,0.094434,-0.158182,0.011095,0.145888,-0.028284,0.67195
1,-0.036839,-0.00913,0.215347,-0.327097,-0.286841,0.052534,-0.132531,0.011713,0.185248,-0.015464,0.625945
1,0.153738,-0.023838,0.277289,-0.187858,-0.13278,0.006726,-0.087366,0.007272,0.126487,-0.060773,0.683763
1,0.309422,-0.03038,0.363343,0.072091,-0.315465,0.075103,-0.11878,0.041227,0.106664,-0.057613,0.741587
1,0.108443,0.031667,0.292081,-0.297133,-0.261662,0.012814,-0.058795,-0.009599,0.218224,-0.02753,0.682813
1,0.037517,-0.012917,0.140197,-0.059976,0.006116,0.012322,-0.146673,0.000524,0.140243,-0.009953,0.589961
1,0.057446,0.004507,0.201753,-0.224961,-0.173893,0.043893,-0.130721,-0.009223,0.134154,-0.001338,0.642248
1,0.161488,-0.013529,0.301194,0.041745,-0.351629,0.096142,-0.145033,0.016699,0.13537,-0.026573,0.695913
1,0.131482,-0.036952,0.213733,-0.151945,-0.08932,0.017532,-0.127769,0.026042,0.117646,-0.045206,0.648374
1,0.046041,0.009201,0.261323,-0.368417,-0.327544,0.061056,-0.117967,0.012402,0.159932,-0.003432,0.664662
1,-0.08885,0.018055,0.195731,-0.349384,-0.312505,0.055888,-0.139308,-0.004472,0.244872,0.009675,0.577609
1,0.219403,0.001406,0.300606,-0.233656,-0.184401,0.014173,-0.073269,-0.010414,0.134203,-0.04906,0.708136
1,0.037466,0.002533,0.136673,-0.041438,0.026167,0.011851,-0.145396,-0.014581,0.140705,0.003309,0.583236
1,-0.016949,0.020485,0.197784,-0.1739,-0.126735,0.015286,-0.107889,-0.04268,0.201714,-0.016351,0.608087
1,0.186786,0.040505,0.200485,-0.214206,-0.155454,0.052588,-0.138006,-0.027363,0.12555,0.045941,0.650384
1,0.036684,0.01684,0.193752,-0.17909,-0.121843,0.030884,-0.131764,-0.000536,0.16259,0.011397,0.605069
1,0.298219,0.013384,0.298479,-0.03796,0.023326,-0.050925,-0.040311,0.021455,0.182243,-0.061998,0.707764
1,0.130507,-0.008081,0.126306,-0.000437,0.079749,0.012584,-0.163272,0.011203,0.107525,0.011616,0.586605
1,0.06715,0.017987,0.139869,-0.065699,0.007323,0.028882,-0.159485,0.017032,0.116457,0.048224,0.579052
1,0.026952,-0.013721,0.211027,-0.372748,-0.329406,0.072373,-0.153412,0.01493,0.168231,-0.004265,0.632242
1,0.262251,-0.012099,0.282107,0.017969,0.092452,-0.032039,-0.066987,-0.006945,0.065394,-0.052002,0.673204
1,0.196323,-0.004292,0.225257,0.017035,0.087245,-0.033102,-0.081326,0.011074,0.126375,-0.044995,0.647965
1,0.073597,-0.01565,0.222595,-0.201949,-0.144833,0.03129,-0.126073,0.025599,0.123377,-0.016146,0.645538
1,0.083209,-0.000088,0.234089,0.082929,-0.310294,0.096696,-0.165957,0.015712,0.169206,0.000814,0.647104
1,0.047563,-0.012822,0.186788,-0.161584,-0.099553,0.031669,-0.143776,0.025735,0.127716,-0.000723,0.612718
1,0.176737,-0.011788,0.164154,-0.018857,0.055344,0.002729,-0.135577,0.010061,0.106345,-0.012953,0.622805
1,0.097345,0.001795,0.373743,-0.062822,-0.476654,0.070678,-0.085636,-0.00134,0.25063,-0.066237,0.712797
1,0.021064,-0.03139,0.136977,0.164536,-0.209779,0.101969,-0.2381,0.017854,0.187664,0.012143,0.545171
1,0.044996,-0.01605,0.184048,-0.16462,-0.103452,0.029166,-0.14345,0.030208,0.139487,-0.007209,0.609568
1,0.151119,-0.044351,0.229693,0.471964,-0.340712,0.161147,-0.258096,0.046481,0.13013,0.006957,0.618591
1,0.083591,-0.007194,0.281372,-0.366786,-0.331929,0.041834,-0.091541,0.022578,0.175155,-0.042208,0.69467
1,0.152467,-0.008567,0.294889,-0.184198,-0.142095,-0.019706,-0.043177,-0.020271,0.184928,-0.092857,0.708673
1,0.167966,-0.021481,0.389913,0.257823,-0.597882,0.136375,-0.13694,0.017351,0.231102,-0.07713,0.737203
1,-0.000657,-0.019707,0.230344,-0.336302,-0.292629,0.053675,-0.134162,0.024004,0.170322,-0.022418,0.638634
1,0.101596,-0.007147,0.143725,-0.031938,0.036882,0.000322,-0.136646,0.008661,0.149663,-0.014766,0.598685
1,0.241272,-0.023999,0.343749,0.07255,-0.31964,0.075232,-0.115948,0.032088,0.118944,-0.053961,0.726101
1,0.154174,-0.005115,0.287478,-0.149953,-0.107521,-0.03412,-0.036022,-0.015604,0.210832,-0.098511,0.691533
1,0.14767,-0.018875,0.337904,-0.080434,-0.485701,0.106906,-0.133109,0.049865,0.167695,-0.037458,0.718
1,0.115142,-0.005394,0.173342,-0.062187,0.007913,0.013347,-0.136214,0.009783,0.108106,0.00053,0.616548
1,-0.063381,-0.005055,0.206267,-0.349635,-0.312915,0.052019,-0.135396,-0.003612,0.226798,-0.017165,0.602559
1,0.221155,-0.02926,0.313128,0.09427,-0.297422,0.066401,-0.122636,0.039033,0.15338,-0.06073,0.709056
1,0.449647,-0.005027,0.126252,-0.61585,-0.517817,0.119511,-0.351796,-0.028304,0.516519,0.039918,0.697353
1,0.616758,-0.013127,0.150834,-0.607533,-0.491392,0.096516,-0.368439,-0.036814,0.601727,0.002602,0.835077
1,-1.495514,-0.185614,0.845734,-0.411156,-0.155346,0.105285,-0.473567,0.139906,0.078444,0.107105,1.182042
1,-1.557101,-0.178931,0.829434,-0.212574,0.09396,0.08347,-0.540478,0.144715,0.078764,0.168211,1.170212
1,0.47797,-0.033531,1.137615,-0.441118,-0.246315,-0.018563,-0.179451,-0.035895,0.291044,0.007512,0.591166
1,0.531737,-0.068201,1.118324,0.130007,-0.07033,-0.012897,-0.291695,-0.129533,0.394142,-0.022133,0.562541
1,0.515825,-0.005334,1.088321,-0.198416,0.022332,-0.070069,-0.203153,-0.151842,0.383068,0.001547,0.534568
1,0.574962,-0.007974,0.133387,-0.236545,-0.129163,-0.004597,-0.251486,-0.068426,0.526179,-0.062108,0.769925
1,-0.125462,0.044807,0.371614,-0.406393,-0.386174,-0.02853,-0.027809,-0.182858,0.483925,-0.119639,0.630894
1,0.607375,-0.013618,0.072428,-0.280417,-0.154483,0.023099,-0.335916,-0.073371,0.591396,-0.034824,0.791371
1,0.548353,-0.000725,0.122201,-0.415616,-0.317804,0.020671,-0.285103,-0.099621,0.662248,-0.067265,0.791717
1,0.232523,0.234496,0.093853,0.001405,-0.011737,-0.426061,-0.402096,-0.088074,0.30426,0.058032,0.564619
1,0.486924,0.004455,0.054579,-0.318735,-0.201343,0.04154,-0.337392,-0.059132,0.580843,0.008931,0.707572
1,0.166031,0.344061,0.088958,-0.013814,-0.058289,-0.438775,-0.329602,-0.089029,0.382755,0.135865,0.568367
1,-1.472618,-0.154612,0.792807,-0.101774,-0.337399,0.121652,-0.439573,0.048955,0.279029,0.047947,1.010793
1,-1.526289,-0.148014,0.69217,-0.204234,0.02233,0.038285,-0.419399,0.041716,0.22453,0.065565,0.966442
1,0.595306,-0.066135,1.110516,-0.261778,-0.055521,-0.098296,-0.170693,-0.136162,0.444864,-0.101189,0.583308
1,0.49196,-0.020151,1.001515,-0.11439,0.103481,-0.070359,-0.221814,-0.047505,0.352608,0.016749,0.422422
1,0.147134,0.042124,0.242222,-0.627477,-0.584528,0.106147,-0.193222,-0.090635,0.38477,0.01992,0.597961
1,-0.470785,-0.054909,0.560263,-0.190499,-0.589505,0.077275,-0.112454,-0.029483,0.276061,-0.10454,0.795881
1,0.523575,-0.034792,0.256622,-0.052923,0.047155,-0.027431,-0.152227,-0.013493,0.225682,-0.073302,0.693424
1,0.559735,-0.03475,0.314739,-0.065762,0.032558,-0.040811,-0.126916,-0.013773,0.235997,-0.092161,0.714098
1,0.48548,-0.028831,0.322881,-0.254052,-0.176924,0.003828,-0.124378,0.007892,0.223656,-0.071933,0.718279
1,0.548596,-0.030783,0.395119,-0.565754,-0.487469,0.078134,-0.191933,0.011549,0.276854,-0.035799,0.756714
1,0.545078,-0.026801,0.402853,-0.52301,-0.449771,0.057483,-0.161937,0.005917,0.281379,-0.054997,0.770334
1,0.50329,-0.029803,0.347025,-0.274861,-0.194572,0.013176,-0.13165,0.003782,0.204847,-0.064081,0.719063
1,0.584774,-0.032719,0.34883,-0.192859,-0.095658,-0.013417,-0.150354,-0.015084,0.266411,-0.081517,0.748181
1,0.52828,-0.0256,0.384481,-0.305388,-0.227782,0.006135,-0.115278,-0.002,0.229971,-0.076457,0.74026
1,0.525635,-0.029849,0.374256,-0.625844,-0.550624,0.097652,-0.20853,0.026508,0.282434,-0.019189,0.748587
1,0.528802,-0.018044,0.40325,-0.373066,-0.301344,0.018375,-0.113002,-0.011316,0.241324,-0.072066,0.75471
1,0.546079,-0.035935,0.29646,-0.089542,0.006423,-0.028773,-0.138605,-0.014987,0.231931,-0.087339,0.720974
1,0.57765,-0.029364,0.414856,-0.63016,-0.558669,0.071531,-0.18032,-0.005127,0.34601,-0.063267,0.791729
1,0.536626,-0.035645,0.280095,-0.070855,0.033994,-0.016884,-0.162882,-0.001043,0.202468,-0.057186,0.686341
1,0.538593,-0.022992,0.304365,-0.092525,-0.008058,-0.054072,-0.095613,-0.041245,0.290156,-0.115756,0.725417
1,0.49084,-0.024394,0.265153,-0.079148,0.010629,-0.026459,-0.127589,-0.006589,0.215971,-0.069106,0.689194
1,0.581107,-0.042219,0.355623,-0.150554,-0.048223,-0.017755,-0.150205,-0.011271,0.231313,-0.083753,0.732186
1,0.53182,-0.017522,0.213726,-0.059653,0.02951,-0.064913,-0.132733,-0.068941,0.406293,-0.123919,0.731778
1,0.536626,-0.035645,0.280095,-0.070855,0.033994,-0.016884,-0.162882,-0.001043,0.202468,-0.057186,0.686341
1,0.523926,-0.029885,0.370491,-0.270938,-0.188873,0.006931,-0.125828,0.003852,0.210397,-0.071304,0.733738
1,0.502715,-0.033005,0.25142,-0.078736,0.016572,-0.019233,-0.150262,-0.011315,0.216333,-0.068523,0.69051
1,0.533025,-0.024447,0.426883,-0.564667,-0.501556,0.053116,-0.13335,-0.001885,0.291055,-0.070502,0.766593
1,0.512255,-0.02862,0.272466,-0.067278,0.031613,-0.019556,-0.147773,-0.009955,0.198295,-0.05817,0.682667
1,0.503165,-0.023141,0.351325,-0.4781,-0.398275,0.071769,-0.186731,0.023667,0.233013,-0.01474,0.71808
1,0.520083,-0.032985,0.363799,-0.398977,-0.32235,0.036328,-0.150972,0.00142,0.245472,-0.064209,0.738528
1,0.440926,-0.009538,0.260862,-0.304669,-0.243584,-0.017582,-0.115822,-0.061733,0.408292,-0.111777,0.724342
1,0.480222,-0.033865,0.297774,-0.246571,-0.163766,0.013782,-0.148369,0.00434,0.214209,-0.060767,0.701585
1,0.567398,-0.037087,0.312341,-0.084542,0.014316,-0.034365,-0.138131,-0.025851,0.244461,-0.095256,0.730059
1,0.511647,-0.034171,0.406887,-0.593167,-0.52038,0.087504,-0.179704,0.04342,0.232491,-0.024689,0.731501
1,0.562663,-0.035257,0.296747,-0.02918,0.069959,-0.050633,-0.126121,-0.029029,0.250248,-0.103489,0.72311
1,0.493086,-0.028832,0.39867,-0.274561,-0.195776,0.009685,-0.105501,0.006877,0.159718,-0.063034,0.706767
1,0.521641,-0.03713,0.364801,-0.264877,-0.177702,0.013411,-0.140599,0.008997,0.1926,-0.062668,0.715439
1,0.511465,-0.020211,0.356915,-0.353873,-0.282153,0.018955,-0.125241,-0.001562,0.253087,-0.069003,0.747111
1,0.516187,-0.033359,0.250721,-0.15288,-0.055484,-0.000545,-0.176466,-0.002627,0.245321,-0.055587,0.69808
1,0.577619,-0.040353,0.334612,-0.138484,-0.035304,-0.017642,-0.156887,-0.012191,0.239061,-0.079614,0.726577
1,0.50027,-0.026124,0.353642,-0.391156,-0.310283,0.048654,-0.16382,0.020427,0.21096,-0.030964,0.713253
1,0.529588,-0.032851,0.429759,-0.457266,-0.381333,0.045625,-0.139363,0.016897,0.216932,-0.055783,0.73604
1,0.539542,-0.029513,0.305308,-0.181288,-0.082068,0.007144,-0.171619,-0.00187,0.215948,-0.045061,0.706094
1,0.502518,-0.03367,0.392622,-0.566614,-0.496592,0.078341,-0.170947,0.024384,0.24212,-0.038932,0.736815
1,0.575838,-0.029615,0.331347,-0.05089,0.044788,-0.055521,-0.107815,-0.027558,0.257014,-0.107993,0.730553
1,0.542505,-0.028597,0.44846,-0.593108,-0.528262,0.062879,-0.140053,0.006585,0.273919,-0.06501,0.767748
1,0.597747,-0.026368,0.309711,-0.026131,0.076132,-0.059591,-0.126567,-0.032513,0.290658,-0.104082,0.743546
1,0.566548,-0.030857,0.344097,-0.155519,-0.06663,-0.035668,-0.113192,-0.024052,0.273877,-0.105527,0.734942
1,0.491046,-0.028097,0.367456,-0.597051,-0.527883,0.09305,-0.187377,0.03244,0.246439,-0.019307,0.731652
1,0.485137,-0.017174,0.304048,-0.394031,-0.330453,0.006776,-0.133199,-0.042572,0.3886,-0.101864,0.750829
1,0.510447,-0.033654,0.254714,-0.036053,0.06045,-0.034418,-0.137193,-0.010093,0.218139,-0.078543,0.687344
1,0.62108,-0.036409,0.360046,-0.040278,0.069332,-0.057371,-0.130392,-0.036498,0.271705,-0.1066,0.729766
1,0.520433,-0.006063,0.206876,-0.280631,-0.184152,0.027401,-0.219412,-0.003954,0.353483,-0.017771,0.720345
1,0.54398,-0.033522,0.390863,-0.484676,-0.406737,0.055109,-0.16879,0.005338,0.262645,-0.054724,0.753491
1,0.59357,-0.034622,0.455141,-0.25795,-0.623907,0.121572,-0.21949,0.018394,0.335269,-0.052768,0.800672
1,0.498305,-0.027631,0.267291,-0.082412,0.010325,-0.022026,-0.136488,-0.005434,0.209306,-0.06643,0.688979
1,0.52712,-0.029262,0.348873,-0.289657,-0.197136,0.02841,-0.165704,0.007767,0.201699,-0.034864,0.69513
1,0.520065,-0.029534,0.340394,-0.265699,-0.181461,0.011162,-0.141432,-0.000974,0.222392,-0.063775,0.722943
1,0.491781,-0.022925,0.336593,-0.38395,-0.30603,0.042899,-0.157986,0.018182,0.229617,-0.03622,0.712196
1,0.528802,-0.018044,0.40325,-0.373066,-0.301344,0.018375,-0.113002,-0.011316,0.241324,-0.072066,0.75471
1,0.53143,-0.036999,0.36856,-0.399248,-0.315059,0.046966,-0.172172,0.014334,0.224356,-0.047469,0.735905
1,0.507972,-0.034804,0.372122,-0.595998,-0.52277,0.092909,-0.196587,0.023675,0.252728,-0.026243,0.733403
1,0.54846,-0.028757,0.442835,-0.587801,-0.520389,0.06485,-0.149207,0.008631,0.276276,-0.061214,0.773987
1,0.515087,-0.025923,0.410504,-0.507927,-0.437258,0.060354,-0.148692,0.00963,0.231549,-0.046869,0.749914
1,0.520878,-0.03729,0.402222,-0.626001,-0.554512,0.093406,-0.190093,0.026384,0.256592,-0.034285,0.749397
1,0.556991,-0.033182,0.298056,-0.081358,0.01624,-0.032057,-0.140024,-0.017595,0.242868,-0.08756,0.728832
1,0.530879,-0.031372,0.371534,-0.265961,-0.188967,-0.007426,-0.106812,-0.003104,0.237514,-0.093386,0.73856
1,0.521386,-0.034924,0.310821,-0.1845,-0.090399,-0.001722,-0.152071,0.002052,0.218961,-0.061348,0.694611
1,0.486419,-0.028634,0.315979,-0.357888,-0.280258,0.038652,-0.160687,0.005532,0.231695,-0.047939,0.71729
1,0.538025,-0.03139,0.409747,-0.415789,-0.339849,0.032223,-0.133663,-0.000314,0.236497,-0.069042,0.743935
1,0.51617,-0.030896,0.368066,-0.262594,-0.185901,-0.004118,-0.108506,-0.005802,0.225019,-0.089138,0.738706
1,0.526174,-0.032857,0.444056,-0.514858,-0.44806,0.048046,-0.124478,0.010033,0.235265,-0.070986,0.752703
1,0.544116,-0.035881,0.317476,-0.155692,-0.060349,-0.01033,-0.148838,-0.006596,0.222849,-0.07343,0.720517
1,0.553821,-0.026706,0.368757,-0.248245,-0.162354,-0.003603,-0.128521,-0.008004,0.242717,-0.076904,0.741965
1,0.505406,-0.020792,0.410058,-0.59707,-0.529666,0.084339,-0.164855,0.017432,0.242371,-0.02585,0.742195
1,0.522546,-0.030524,0.338893,-0.390504,-0.304826,0.051545,-0.183662,0.017617,0.22986,-0.031634,0.721324
1,0.590015,-0.034807,0.318474,-0.028615,0.07488,-0.052651,-0.129973,-0.033126,0.257074,-0.104147,0.735749
1,0.503379,-0.031821,0.347059,-0.361877,-0.285887,0.028451,-0.142884,0.010099,0.236947,-0.063302,0.725512
1,0.605338,-0.036103,0.456195,-0.255979,-0.618279,0.123319,-0.229242,0.013325,0.339362,-0.051923,0.806279
1,0.475851,-0.00862,0.3639,-0.308269,-0.234108,0.02174,-0.113748,-0.010168,0.187314,-0.044135,0.704675
1,0.548877,-0.033491,0.392016,-0.389934,-0.312593,0.024313,-0.137712,-0.004291,0.257798,-0.078491,0.752388
1,0.535848,-0.022448,0.340546,-0.247019,-0.161921,0.001169,-0.135561,-0.008333,0.245487,-0.068013,0.73637
1,0.578504,-0.028726,0.418048,-0.622274,-0.543837,0.082257,-0.198034,0.004219,0.317078,-0.040593,0.777758
1,0.5628,-0.034654,0.391392,-0.389115,-0.311973,0.01991,-0.138993,-0.008452,0.278625,-0.089098,0.776823
1,0.521786,-0.034368,0.315608,-0.279895,-0.189279,0.026774,-0.172673,0.008191,0.21878,-0.04547,0.705455
1,0.518386,-0.027951,0.421294,-0.507854,-0.438989,0.052883,-0.137189,0.012034,0.239714,-0.057206,0.748232
1,0.554993,-0.023468,0.329547,-0.0358,0.057085,-0.053273,-0.098184,-0.032253,0.225339,-0.099621,0.723789
1,0.516475,-0.027817,0.399714,-0.457115,-0.384647,0.046674,-0.142465,0.018366,0.233531,-0.053474,0.746405
1,0.473228,-0.000389,0.225487,-0.0312,0.04831,-0.076839,-0.083285,-0.072747,0.362951,-0.117632,0.704496
1,0.552377,-0.022958,0.215387,-0.050195,0.044224,-0.065125,-0.143489,-0.068592,0.407662,-0.125292,0.73659
1,0.527686,-0.024365,0.399207,-0.272294,-0.188936,0.00757,-0.117479,0.000167,0.190135,-0.062466,0.728019
1,0.487169,-0.027875,0.376236,-0.291097,-0.217817,0.006671,-0.103485,0.00558,0.19635,-0.074768,0.718973
1,0.573154,-0.034962,0.278966,-0.03509,0.073504,-0.035774,-0.160848,-0.023409,0.249944,-0.077881,0.706688
1,0.566547,-0.02895,0.336465,-0.078421,0.016669,-0.04288,-0.115503,-0.017887,0.23881,-0.096207,0.73988
1,0.531266,-0.033547,0.311843,-0.067418,0.027707,-0.034903,-0.121189,-0.009524,0.205353,-0.08365,0.698182
1,0.533025,-0.024447,0.426883,-0.564667,-0.501556,0.053116,-0.13335,-0.001885,0.291055,-0.070502,0.766593
1,0.577498,-0.030167,0.405969,-0.626433,-0.555227,0.073142,-0.185372,-0.000886,0.346667,-0.062944,0.80187
1,0.50518,-0.032956,0.393031,-0.509669,-0.437828,0.062659,-0.158226,0.026606,0.235416,-0.045586,0.73688
1,0.521322,-0.035009,0.345684,-0.414026,-0.327918,0.059685,-0.191313,0.022496,0.222113,-0.029419,0.726354
1,0.556682,-0.032926,0.313288,-0.205704,-0.109492,0.000833,-0.166144,-0.01304,0.253989,-0.066497,0.727548
1,0.497627,-0.029613,0.24531,-0.032023,0.063738,-0.036651,-0.133779,-0.01302,0.224772,-0.075508,0.67877
1,0.564976,-0.032519,0.416368,-0.400857,-0.319278,0.025174,-0.140876,-0.00243,0.259905,-0.073047,0.751248
1,0.569044,-0.035715,0.43156,-0.572488,-0.493184,0.070739,-0.181479,0.014966,0.280656,-0.048836,0.766419
1,0.514954,-0.034353,0.387562,-0.456905,-0.377533,0.059691,-0.167235,0.026105,0.211388,-0.036824,0.725148
1,0.490285,-0.030585,0.334678,-0.584822,-0.512638,0.090167,-0.202648,0.02177,0.280852,-0.024393,0.729882
1,0.488857,-0.022848,0.247606,-0.094217,-0.002142,-0.017209,-0.145309,-0.006305,0.225422,-0.057698,0.685471
1,0.504079,-0.015949,0.322879,-0.246407,-0.166742,0.004231,-0.128404,-0.013376,0.234882,-0.061567,0.725052
1,0.542184,-0.024135,0.375785,-0.350505,-0.273333,0.013588,-0.129042,-0.012453,0.267952,-0.076388,0.746195
1,0.411129,-0.006667,0.256851,-0.193115,-0.129304,-0.048209,-0.084006,-0.061429,0.384698,-0.119917,0.700212
1,0.494702,-0.032833,0.370447,-0.505303,-0.433683,0.069338,-0.16703,0.022243,0.225122,-0.038745,0.728466
1,0.571438,-0.037368,0.394401,-0.460774,-0.372165,0.057578,-0.192494,0.012698,0.25894,-0.045469,0.768591
1,0.540057,-0.000872,0.222324,-0.288132,-0.188709,0.028485,-0.221963,0.000836,0.357081,-0.00704,0.726652
1,0.515411,-0.032607,0.349371,-0.378012,-0.300064,0.035917,-0.154477,0.004466,0.237492,-0.059438,0.73325
1,0.500443,-0.022924,0.256499,-0.096988,-0.001561,-0.0134,-0.152597,-0.008452,0.21936,-0.052321,0.686811
1,0.544587,-0.029809,0.348041,-0.257913,-0.171126,0.004672,-0.142506,-0.008062,0.242147,-0.072401,0.73886
1,-1.303729,-0.113301,0.595648,-0.122174,0.00814,-0.045426,-0.197479,-0.023434,0.277491,-0.090366,0.922584
1,-1.314469,-0.074699,0.457647,-0.553822,-0.516092,0.00113,-0.17779,-0.162582,0.636376,-0.138874,0.538746
1,-1.450042,-0.124319,0.443342,0.004617,0.161115,-0.037621,-0.309527,-0.051352,0.35999,-0.036426,0.684467
1,-1.371697,-0.075534,0.443471,-0.600306,-0.546674,0.040856,-0.242056,-0.146846,0.607923,-0.079894,0.508609
1,-1.313776,-0.093207,0.514358,-0.224163,-0.59812,0.090461,-0.276956,-0.115894,0.547436,-0.082253,0.609931
1,0.505784,0.201626,0.263446,-0.64333,-0.701228,-0.335979,-0.401795,-0.142199,0.445926,-0.039309,0.813222
2,0.62654,-0.046476,1.094304,0.202316,-0.085623,-0.099742,-0.035546,-0.11216,0.335745,-0.174816,0.736105
2,0.540585,0.029058,1.05511,-0.033287,0.097295,-0.184667,0.107534,-0.064967,0.25583,-0.134274,0.826781
2,0.72907,0.098441,1.143455,-0.302444,-0.686018,-0.381655,-0.429371,-0.180351,0.463168,-0.101469,0.740871
2,0.540436,-0.053743,0.803955,-0.644981,-0.600528,0.050155,0.036926,0.054157,-0.045606,-0.075759,0.505584
2,0.60205,0.000152,0.293676,-0.489533,-0.405822,0.035208,-0.184724,-0.034818,0.432025,-0.053135,0.800577
2,-0.125831,0.088788,0.33268,-0.371092,-0.329265,0.060997,-0.095933,-0.179803,0.203102,0.057793,0.631171
2,-0.651821,0.12341,0.227624,0.10791,-0.404164,-0.314807,-0.417683,-0.087563,0.170634,-0.002462,0.523837
2,-0.515025,-0.062588,0.409315,-0.250127,-0.193824,-0.021102,-0.087888,-0.041391,0.251302,-0.11754,0.708386
2,-0.376901,-0.049533,0.321088,-0.453582,-0.363809,0.113897,-0.256186,0.06398,0.136167,0.077044,0.570934
2,-0.130347,-0.027749,0.569803,0.254673,-0.595838,0.082484,-0.073161,-0.053768,0.3041,-0.133687,0.783818
2,-0.501285,0.029432,0.39813,-0.072975,-0.027085,-0.097145,0.001674,-0.064703,0.370847,-0.089294,0.681476
2,-0.288285,-0.015937,0.333108,-0.511591,-0.432265,0.129964,-0.230498,0.136037,0.096802,0.125387,0.599183
2,-0.168446,-0.046605,0.389852,-0.392601,-0.300362,0.092946,-0.196479,0.080453,0.03292,0.058365,0.651532
2,-0.619273,-0.050759,0.438444,0.243136,-0.578828,0.162228,-0.25187,-0.018291,0.289601,-0.013096,0.65674
2,0.515547,0.019878,0.022477,-0.067882,0.068291,0.011663,-0.320102,-0.054277,0.457894,0.039726,0.689853
2,0.390813,0.249567,0.173548,-0.083205,0.01581,0.009308,-0.14569,-0.15718,0.390765,0.208139,0.750567
2,0.630584,-0.01323,0.099237,-0.322992,-0.196454,0.026976,-0.333339,-0.065956,0.597226,-0.035959,0.818835
2,0.409261,0.057457,0.392501,-0.230178,-0.172219,-0.029025,-0.005989,-0.040678,0.212549,-0.031177,0.693708
2,0.462328,0.047058,0.117194,0.190368,-0.122635,0.080631,-0.319346,-0.043362,0.415914,0.085965,0.689922
2,-0.092126,0.047232,0.218047,-0.16084,-0.121625,-0.050836,-0.075331,-0.164293,0.475009,-0.076185,0.526634
2,-1.330843,-0.131426,0.627704,-0.224999,-0.040651,-0.009451,-0.341444,-0.054548,0.4068,-0.022297,0.779996
2,-1.362333,-0.117747,0.657387,-0.469511,-0.283692,0.064823,-0.403567,-0.013083,0.412376,0.057801,0.757024
2,-1.317532,-0.114635,0.661947,-0.265721,-0.083981,-0.019137,-0.327001,-0.074915,0.472779,-0.024445,0.769625
2,-1.433572,-0.138497,0.57765,-0.191855,0.012667,0.015423,-0.412625,-0.024671,0.385715,0.034497,0.723768
2,-1.339843,-0.12135,0.619393,-0.283285,-0.134519,-0.028427,-0.279791,-0.088035,0.485809,-0.077409,0.750178
2,-1.404619,-0.136694,0.613623,-0.350451,-0.153627,0.046302,-0.422244,-0.028289,0.409316,0.041926,0.721464
2,-1.26842,-0.10346,0.588274,-0.129962,-0.007444,-0.093115,-0.180053,-0.126283,0.506457,-0.14834,0.761792
2,-1.373556,-0.127581,0.641928,-0.472435,-0.299089,0.061026,-0.38617,-0.024559,0.409415,0.02769,0.756399
2,-1.440168,-0.124426,0.562046,-0.116783,0.09792,-0.007472,-0.420328,-0.046459,0.44811,0.044673,0.663904
2,-1.45838,-0.120561,0.705016,-0.590304,-0.411305,0.084962,-0.410015,-0.026175,0.437975,0.055044,0.787488
2,-1.37509,-0.123359,0.651342,-0.47775,-0.306573,0.053678,-0.377624,-0.035841,0.436758,0.0205,0.750794
2,-1.446452,-0.134955,0.618171,-0.382834,-0.167026,0.069285,-0.478232,-0.028962,0.423644,0.088154,0.685906
2,-1.355934,-0.12869,0.59875,-0.185686,-0.003457,-0.009455,-0.341081,-0.046042,0.383365,-0.014964,0.774297
2,-1.340927,-0.065647,0.593791,0.191136,-0.093733,0.01373,-0.317752,-0.10048,0.493143,0.000436,0.718316
2,-1.4503,-0.133755,0.615693,-0.444093,-0.247664,0.083735,-0.450729,0.01297,0.377932,0.084106,0.729961
2,-1.243882,-0.078443,0.601664,-0.200841,-0.07555,-0.068711,-0.197226,-0.130116,0.511652,-0.101748,0.749592
2,-1.407086,-0.132286,0.563508,-0.148447,0.047818,-0.011741,-0.385843,-0.069677,0.44418,0.001376,0.68166
2,-1.379613,-0.127408,0.561131,-0.065206,0.114482,-0.052605,-0.320041,-0.086965,0.451586,-0.0511,0.713765
2,-1.325415,-0.102056,0.632985,0.141388,-0.140002,0.012452,-0.321626,-0.076727,0.49668,-0.040949,0.752831
2,-1.436174,-0.133869,0.712304,-0.310855,-0.580671,0.159167,-0.456914,0.018128,0.425824,0.064689,0.792665
2,-1.409056,-0.141757,0.625464,-0.398173,-0.200443,0.060243,-0.432902,-0.009714,0.397973,0.050469,0.733535
2,-1.423953,-0.137238,0.602328,-0.383933,-0.186593,0.069547,-0.441046,-0.007901,0.370042,0.067317,0.727568
2,-1.490302,-0.135758,0.686575,-0.577464,-0.374029,0.127698,-0.475418,0.048291,0.31,0.122369,0.831901
2,-1.469383,-0.128569,0.614097,-0.436529,-0.237502,0.085774,-0.457943,-0.00474,0.381316,0.09206,0.723329
2,-1.340033,-0.118764,0.608027,-0.176145,0.009099,-0.0156,-0.338204,-0.055762,0.401662,-0.008102,0.769043
2,-1.298216,-0.111588,0.614892,-0.183868,-0.029189,-0.050129,-0.260964,-0.085648,0.45931,-0.076131,0.773901
2,-1.433744,-0.138809,0.714674,-0.30877,-0.573014,0.158797,-0.469545,0.001197,0.441169,0.06074,0.776368
2,-1.449097,-0.134948,0.546927,-0.127962,0.079003,0.002645,-0.417381,-0.056478,0.410343,0.030556,0.677582
2,-1.451194,-0.118146,0.530128,-0.026013,0.187196,-0.025957,-0.408336,-0.082261,0.448955,0.032139,0.643655
2,-1.34669,-0.116023,0.65868,-0.46299,-0.267452,0.078844,-0.423507,-0.012702,0.370405,0.082113,0.772761
2,-1.46566,-0.13799,0.611173,-0.426595,-0.22694,0.082882,-0.458702,-0.005684,0.377646,0.080001,0.724054
2,-1.442001,-0.128419,0.687048,-0.591486,-0.437645,0.073651,-0.359708,-0.020391,0.417336,0.00747,0.812514
2,-1.47517,-0.143193,0.678636,-0.598797,-0.412205,0.111859,-0.446191,0.024221,0.363311,0.07511,0.799689
2,-1.406102,-0.134762,0.613606,-0.26691,-0.062623,0.035745,-0.413198,-0.001832,0.351353,0.051604,0.77373
2,-1.4014,-0.13168,0.596992,-0.187532,0.02061,0.001168,-0.407252,-0.054204,0.437384,0.024686,0.70338
2,-1.459375,-0.12691,0.663904,-0.549823,-0.374078,0.086685,-0.41168,-0.015108,0.404719,0.053116,0.77371
2,-1.407658,-0.129258,0.572829,-0.152081,0.049654,-0.009242,-0.394494,-0.066181,0.44659,0.012822,0.683491
2,-1.339636,-0.119113,0.613952,-0.271154,-0.097919,0.007721,-0.334342,-0.022541,0.381915,0.000003,0.784605
2,-1.351935,-0.117308,0.605411,-0.288663,-0.134289,-0.00838,-0.302808,-0.074478,0.444077,-0.044559,0.752173
2,-1.431135,-0.112092,0.549812,0.247039,-0.020718,0.015016,-0.377568,-0.117625,0.50588,-0.022336,0.652737
2,-1.334362,-0.120606,0.622417,-0.237132,-0.063496,-0.010838,-0.320809,-0.043561,0.407362,-0.022222,0.785664
2,-1.454487,-0.132349,0.563924,-0.172458,0.035457,0.023804,-0.423913,-0.026164,0.358414,0.054811,0.725558
2,-1.483396,-0.127662,0.666623,-0.534692,-0.331861,0.112662,-0.470275,0.023478,0.348506,0.116623,0.787651
2,-1.434207,-0.134644,0.59474,-0.326002,-0.135115,0.044976,-0.413645,-0.031942,0.391415,0.039199,0.72554
2,-1.432043,-0.132884,0.58027,-0.178556,0.026965,0.011296,-0.409359,-0.033992,0.391052,0.035702,0.724054
2,-1.456628,-0.139835,0.684637,-0.584822,-0.396139,0.102376,-0.442414,0.006316,0.38783,0.06924,0.787549
2,-1.316144,-0.124899,0.618198,0.135018,-0.168409,-0.000295,-0.281546,-0.083183,0.489524,-0.103952,0.767977
2,-1.407122,-0.141014,0.591054,-0.2656,-0.061791,0.054154,-0.425343,0.009586,0.28887,0.063636,0.787355
2,-1.446019,-0.133559,0.609972,-0.404857,-0.198668,0.081589,-0.466399,-0.012442,0.376397,0.090754,0.71648
2,-1.311633,-0.057293,0.661731,-0.434237,-0.278822,0.024558,-0.304365,0.002235,0.461205,0.054994,0.775339
2,-1.436873,-0.135175,0.551642,-0.137046,0.067503,0.005538,-0.410756,-0.047573,0.391586,0.030078,0.697486
2,-1.357507,-0.116956,0.616989,-0.426238,-0.266784,0.044721,-0.350515,-0.039606,0.407551,0.008878,0.752894
2,-1.338101,-0.124841,0.596015,-0.082548,0.091506,-0.068052,-0.289898,-0.09268,0.477295,-0.075951,0.740339
2,0.567826,-0.053542,1.156451,-0.214682,-0.503309,0.040284,-0.168383,-0.10317,0.329916,-0.062522,0.550964
2,0.012165,-0.030056,0.305843,-0.481424,-0.418109,0.067631,-0.17567,-0.003379,0.268204,-0.013152,0.583899
2,-0.033257,-0.035625,0.456826,-0.157403,-0.543941,0.087262,-0.138518,0.017438,0.271436,-0.052954,0.675316
2,0.637972,-0.02144,0.209281,-0.55807,-0.446556,0.076906,-0.31367,-0.024496,0.52014,-0.020299,0.830908
2,0.112045,-0.028157,0.270703,-0.565165,-0.50881,0.089056,-0.194953,0.00099,0.301306,-0.009741,0.581376
2,-1.456137,-0.145847,0.701611,-0.170968,0.028876,-0.018177,-0.335574,-0.014381,0.324874,-0.024775,0.941679
2,-1.551755,-0.148414,0.693229,-0.340355,-0.118591,0.073018,-0.450796,0.042164,0.258326,0.088064,0.919851
2,-1.519967,-0.154101,0.662922,-0.22982,-0.01661,0.037254,-0.411342,0.021569,0.25872,0.041685,0.913773
2,-1.5311,-0.150929,0.683878,-0.269762,-0.053625,0.036493,-0.419495,0.010492,0.310617,0.043902,0.892253
2,-1.497335,-0.141445,0.748708,-0.50845,-0.322427,0.060296,-0.384372,-0.00345,0.378458,0.019761,0.90464
2,-1.552828,-0.158305,0.656297,-0.155247,0.068055,0.014174,-0.417811,0.013508,0.296639,0.033953,0.889355
2,-1.453837,-0.145204,0.667807,-0.055705,0.140678,-0.051043,-0.309586,-0.030492,0.335716,-0.052082,0.92252
2,-1.534173,-0.137328,0.725547,-0.555376,-0.361557,0.099525,-0.432262,0.012138,0.336943,0.072813,0.884988
2,-1.526524,-0.146036,0.704958,-0.313255,-0.117529,0.019911,-0.372743,-0.004469,0.359172,0.003162,0.90144
2,-1.525247,-0.14807,0.639866,-0.088921,0.124668,-0.009422,-0.38105,-0.01048,0.300585,0.01111,0.888378
2,-1.544565,-0.144169,0.632096,-0.062506,0.172648,0.003149,-0.428855,-0.007704,0.294118,0.05596,0.862303
2,-1.537511,-0.150095,0.731517,-0.568344,-0.35789,0.122711,-0.472992,0.04792,0.283287,0.104735,0.908178
2,-1.521285,-0.145711,0.61334,-0.002186,0.204013,-0.048276,-0.350078,-0.04332,0.36235,-0.028439,0.840554
2,-1.518552,-0.146739,0.707317,-0.456787,-0.270047,0.075019,-0.394947,0.023835,0.286647,0.038713,0.929463
2,-1.521193,-0.131237,0.691634,-0.273168,-0.079766,0.015737,-0.36001,-0.000113,0.3367,0.017314,0.911315
2,-1.562249,-0.157463,0.688001,-0.328817,-0.10569,0.065935,-0.454478,0.039083,0.279452,0.074826,0.901553
2,-1.446512,0.018558,0.674511,-0.127055,-0.023005,-0.404797,-0.587263,-0.01801,0.184927,0.047111,0.918804
2,-1.561215,-0.148351,0.669552,-0.222606,0.011013,0.041255,-0.455238,0.019487,0.301719,0.079063,0.872448
2,-1.508533,-0.142065,0.612506,0.034726,0.254986,-0.047002,-0.370546,-0.036996,0.34901,-0.003469,0.837344
2,-1.51864,-0.147931,0.73203,-0.61346,-0.442951,0.087509,-0.390642,0.00926,0.378622,0.019548,0.881173
2,-1.55193,-0.154963,0.637884,0.25794,0.047548,0.058218,-0.473921,0.018046,0.331444,0.055748,0.837998
2,-1.520567,-0.141628,0.712755,-0.493265,-0.308051,0.076877,-0.398561,0.017109,0.325796,0.041498,0.902294
2,-1.458982,-0.155707,0.712646,-0.184469,0.042889,0.002544,-0.398631,0.00467,0.318809,0.01828,0.92281
2,-1.537142,-0.152383,0.697764,-0.379354,-0.183482,0.054716,-0.399758,0.011143,0.306835,0.028262,0.912759
2,-1.551571,-0.149188,0.674038,-0.296019,-0.074886,0.061142,-0.445756,0.033293,0.269674,0.077691,0.89811
2,-1.493737,-0.137373,0.750324,-0.481852,-0.2918,0.054755,-0.383566,0.001781,0.375916,0.025545,0.91002
2,-1.565589,-0.165955,0.706294,-0.30626,-0.061075,0.073351,-0.49126,0.047482,0.255494,0.098733,0.920238
2,-1.51926,-0.15005,0.742682,-0.047933,-0.285633,0.099604,-0.44572,0.024461,0.370675,0.040707,0.903963
2,-1.548561,-0.141551,0.698429,-0.34111,-0.128496,0.051497,-0.42583,0.010096,0.329704,0.059775,0.886357
2,-1.537865,-0.141675,0.656544,-0.137766,0.084348,0.010293,-0.406345,0.014359,0.293471,0.046878,0.895022
2,-1.469543,-0.137289,0.683747,-0.067108,0.155407,-0.029687,-0.366254,-0.021397,0.331494,0.007669,0.910197
2,-1.528292,-0.141982,0.727155,-0.544572,-0.366898,0.070947,-0.388502,0.009271,0.386352,0.023792,0.878321
2,-1.454522,-0.162283,0.743688,0.03704,-0.182622,0.095154,-0.458088,0.036993,0.299595,0.045785,0.944778
2,-1.570415,-0.142222,0.713939,-0.540511,-0.334353,0.104726,-0.465494,0.018975,0.349314,0.092945,0.853181
2,-1.497499,-0.134726,0.691367,-0.232521,-0.046889,-0.009448,-0.328399,-0.022652,0.360955,-0.022572,0.91117
2,-1.51149,-0.149134,0.640411,-0.088973,0.112215,-0.022525,-0.350644,-0.017451,0.314958,-0.018759,0.893871
2,-1.551761,-0.146934,0.659171,-0.204829,0.025884,0.041165,-0.447414,0.02724,0.276806,0.079573,0.884038
2,-1.531767,-0.149145,0.688143,-0.345869,-0.137824,0.054862,-0.42146,0.01539,0.309491,0.050621,0.89029
2,-1.512262,-0.134148,0.699072,-0.321378,-0.128832,0.030651,-0.368527,0.006885,0.32421,0.023518,0.918337
2,-1.557751,-0.153132,0.724463,-0.536526,-0.322079,0.115918,-0.477156,0.059224,0.286889,0.105393,0.903507
2,-1.437143,-0.15352,0.700513,-0.115201,0.107708,-0.016868,-0.371191,0.00525,0.300224,0.000885,0.940623
2,-1.5097,-0.139056,0.764274,-0.591594,-0.410009,0.074961,-0.392009,-0.007353,0.406873,0.025123,0.891336
2,-1.47892,-0.118621,0.709105,-0.200079,0.002451,-0.005604,-0.346874,-0.029025,0.340753,0.015876,0.928671
2,-1.47925,-0.153988,0.689412,-0.180421,0.03765,0.000351,-0.389672,-0.005962,0.329423,0.008623,0.899925
2,-1.522143,-0.149964,0.698246,-0.504294,-0.31608,0.093437,-0.417278,0.037277,0.286361,0.055841,0.905978
2,-1.540119,-0.149658,0.673092,-0.272904,-0.067475,0.030832,-0.401675,0.003202,0.322861,0.0274,0.883824
2,-1.511456,-0.140023,0.702645,-0.456648,-0.250483,0.084681,-0.439808,0.029767,0.315897,0.081288,0.877176
2,-1.55509,-0.154928,0.652124,-0.156967,0.077422,0.032219,-0.446695,0.024936,0.262193,0.069286,0.892889
2,0.404015,-0.089929,1.101896,-0.111298,0.148602,-0.076229,-0.279774,-0.100477,0.341197,-0.009669,0.492639
2,0.49272,-0.085235,1.158428,-0.620384,-0.381015,0.047205,-0.339736,-0.052755,0.358938,0.048588,0.567372
2,-0.534776,0.024964,0.570096,-0.007208,-0.466017,-0.064572,0.095913,-0.123368,0.506603,-0.223548,0.823645
2,-0.46696,0.025175,0.526074,-0.142871,-0.144319,-0.16282,0.154062,-0.153924,0.458789,-0.25053,0.823589
2,-0.525153,-0.041004,0.5877,0.070426,-0.364028,-0.078364,0.063156,-0.127905,0.463578,-0.280373,0.84516
2,-0.461154,0.04352,0.601392,-0.370352,-0.36412,-0.098931,0.11032,-0.110441,0.441789,-0.171449,0.848736
2,-0.431192,0.002713,0.56999,-0.513963,-0.52361,-0.054045,0.081281,-0.117296,0.412902,-0.203866,0.834144
2,-0.591265,0.020766,0.519442,-0.221482,-0.229969,-0.137818,0.128879,-0.202145,0.481187,-0.251911,0.801863
2,-0.494933,0.057646,0.547516,-0.116237,-0.104907,-0.162601,0.145278,-0.157191,0.462491,-0.196493,0.819012
2,-0.442411,0.030294,0.562418,-0.478241,-0.492124,-0.059506,0.098267,-0.137201,0.409101,-0.18557,0.843081
2,-0.008476,-0.025836,0.314353,-0.283207,-0.22937,-0.011694,-0.092075,-0.057182,0.305311,-0.091909,0.611741
2,-0.670311,-0.047087,0.492166,-0.14693,-0.534065,0.105519,-0.178341,-0.030684,0.256456,-0.045495,0.74561
2,-0.463517,0.251676,0.514637,-0.4426,-0.398102,0.112115,-0.059529,-0.361376,0.174486,-0.001772,0.80993
2,-0.680003,-0.06596,0.555112,-0.091733,-0.493739,0.036652,-0.09388,-0.031898,0.3324,-0.143638,0.814086
2,-0.023832,-0.002029,0.148262,-0.177341,-0.126578,0.02341,-0.14091,0.009688,0.212064,-0.009367,0.576178
2,0.089721,-0.004196,0.297232,0.015764,-0.385942,0.092384,-0.13393,0.037772,0.172074,-0.018969,0.68659
2,0.155018,0.008162,0.254515,0.191416,-0.192278,0.06928,-0.143328,-0.000654,0.145168,-0.008053,0.654976
2,0.191507,-0.004608,0.283806,0.199417,-0.182682,0.056972,-0.127507,0.011978,0.136753,-0.028315,0.676328
2,-1.506314,-0.167849,0.883197,-0.430957,-0.217922,0.047668,-0.360719,0.06365,0.206056,0.005089,1.190675
2,-1.506759,-0.191322,0.864822,-0.436766,-0.170216,0.118138,-0.498482,0.149895,0.0666,0.123942,1.198488
2,-1.533429,-0.170182,0.86768,-0.578776,-0.34944,0.119068,-0.451494,0.118525,0.170361,0.093928,1.146477
2,-1.540246,-0.186588,0.757579,-0.00636,0.290193,0.03627,-0.49448,0.128847,0.04332,0.119992,1.149667
2,-1.46667,-0.159131,0.9354,-0.44791,-0.239266,0.017406,-0.322927,0.031573,0.287643,-0.031545,1.200693
2,-1.516755,-0.16273,0.812246,-0.21254,0.044117,0.048441,-0.433367,0.084126,0.117128,0.084712,1.159388
2,-1.509789,-0.165131,0.865637,-0.537871,-0.320378,0.098834,-0.412171,0.093594,0.170126,0.063789,1.161599
2,-1.490765,-0.164645,0.914635,-0.429125,-0.205178,0.039058,-0.367002,0.049139,0.238227,0.008019,1.196037
2,-1.506663,-0.175266,0.829704,-0.36134,-0.109981,0.098784,-0.458456,0.145383,0.052581,0.113736,1.194344
2,-1.513674,-0.179442,0.741015,0.026837,0.309785,0.025299,-0.460437,0.115414,0.025896,0.100493,1.15472
2,-1.564177,-0.1903,0.814523,-0.323313,-0.055392,0.100047,-0.497597,0.14905,0.059421,0.12353,1.173479
2,-1.507753,-0.175394,0.788797,-0.129536,0.15978,0.056367,-0.49281,0.133706,0.069861,0.133623,1.149745
2,-1.526676,-0.162093,0.878822,-0.59632,-0.371894,0.117668,-0.439579,0.100241,0.182048,0.090505,1.150377
2,-1.519218,-0.161848,0.830399,-0.366905,-0.115443,0.086,-0.454851,0.137283,0.123799,0.117596,1.152791
2,-1.57413,-0.195686,0.852566,-0.447321,-0.171756,0.128271,-0.532896,0.157782,0.0865,0.144577,1.171992
2,-1.557211,-0.176793,0.864689,-0.605589,-0.355641,0.158513,-0.51304,0.15018,0.101214,0.151928,1.161155
2,-1.515318,-0.179552,0.858638,-0.459155,-0.222166,0.089024,-0.437538,0.117081,0.154445,0.07129,1.16223
2,-1.47186,-0.163841,0.927646,-0.426835,-0.205202,0.025583,-0.351103,0.04489,0.266384,-0.00856,1.197115
2,-1.566418,-0.169404,0.868653,-0.28728,0.028358,0.103615,-0.560715,0.175563,0.077539,0.203596,1.203501
2,-1.506757,-0.186846,0.864496,-0.091525,-0.289327,0.15517,-0.49459,0.154314,0.109258,0.098819,1.187466
2,-1.507819,-0.191289,0.843933,-0.461895,-0.225431,0.107545,-0.44753,0.147524,0.080857,0.080457,1.188349
2,-1.566874,-0.181557,0.851262,-0.438239,-0.164082,0.126758,-0.52535,0.155729,0.086555,0.156853,1.171809
2,-1.550002,-0.175704,0.844726,-0.572768,-0.340143,0.147132,-0.475049,0.144518,0.076466,0.124404,1.177303
2,-1.574133,-0.175892,0.883772,-0.514464,-0.230188,0.149859,-0.553014,0.178764,0.085992,0.191524,1.191326
2,-1.512501,-0.163878,0.887134,-0.409241,-0.18731,0.042653,-0.371559,0.065279,0.222587,0.017297,1.181993
2,-1.499699,-0.176464,0.875552,-0.462991,-0.234999,0.081023,-0.408442,0.113952,0.145633,0.052939,1.196582
2,-1.495449,-0.170383,0.779336,-0.145233,0.118233,0.044263,-0.443306,0.109658,0.084983,0.090827,1.145183
2,-1.518589,-0.189025,0.81541,-0.125103,0.178079,0.072298,-0.515851,0.155209,-0.002813,0.147088,1.217145
2,-1.512139,-0.172639,0.886354,-0.623387,-0.376553,0.156914,-0.496841,0.14471,0.093786,0.145532,1.18359
2,-1.522083,-0.171266,0.810045,-0.220639,0.033478,0.045384,-0.431193,0.09405,0.128473,0.072159,1.152754
2,-1.520888,-0.171918,0.883486,-0.603784,-0.373936,0.120494,-0.451736,0.109038,0.180827,0.089789,1.150509
2,-1.512089,-0.175184,0.883127,-0.607064,-0.390553,0.11502,-0.422789,0.111479,0.164089,0.064327,1.174064
2,-1.530156,-0.172839,0.869383,-0.621101,-0.392158,0.138105,-0.464169,0.124305,0.143121,0.107498,1.153298
2,-1.497787,-0.177528,0.856356,-0.444481,-0.20797,0.090554,-0.432305,0.121634,0.125739,0.074486,1.17905
2,-1.523499,-0.187177,0.862672,-0.5484,-0.302389,0.14626,-0.488323,0.162219,0.048353,0.128532,1.202125
2,0.582009,-0.047151,1.245822,-0.240043,-0.527428,0.003712,-0.12918,-0.147826,0.424909,-0.113922,0.638729
2,0.552784,-0.042957,1.202654,-0.361949,-0.18866,-0.098185,-0.073483,-0.140505,0.380489,-0.119941,0.650305
2,0.581786,-0.04218,1.15463,-0.409427,-0.236193,-0.083589,-0.122061,-0.14771,0.474127,-0.114853,0.569568
2,0.642241,-0.010738,0.094843,-0.110103,0.02308,-0.021204,-0.28696,-0.064114,0.529678,-0.04989,0.797616
2,0.433595,0.03568,0.110781,-0.145881,-0.032622,-0.002385,-0.245178,-0.083593,0.470735,0.011599,0.677132
2,0.540195,0.004959,0.055422,-0.156894,-0.029188,-0.00223,-0.305005,-0.06831,0.556008,-0.015389,0.741019
2,0.49098,0.019256,0.14779,-0.383453,-0.287759,0.028393,-0.256264,-0.048234,0.554763,-0.015832,0.741996
2,0.388797,0.175499,0.12503,-0.219447,-0.129514,0.020198,-0.202913,-0.144112,0.553685,0.033644,0.694254
2,-1.473681,-0.157475,0.73621,-0.242206,-0.031484,0.010651,-0.366694,0.027655,0.278371,0.002634,0.992864
2,-1.539813,-0.17152,0.684642,-0.14631,0.104831,0.040502,-0.465824,0.06118,0.19938,0.080201,0.962284
2,-1.472991,-0.156592,0.685517,-0.036726,0.193432,-0.028994,-0.374797,0.016905,0.282263,0.004878,0.949816
2,-1.481225,-0.140402,0.753654,-0.373884,-0.169816,0.041104,-0.382039,0.010375,0.312844,0.030537,0.964997
2,-1.506377,-0.127363,0.743517,-0.481463,-0.309811,0.045189,-0.345209,-0.017218,0.380852,0.000281,0.921398
2,-1.512151,-0.143763,0.715111,-0.332276,-0.114398,0.064539,-0.424916,0.038572,0.240166,0.076038,0.961995
2,-1.557875,-0.169837,0.695051,-0.130998,0.130904,0.042441,-0.481539,0.073559,0.191769,0.098574,0.975548
2,-1.530842,-0.155176,0.700735,-0.285075,-0.067961,0.055325,-0.418701,0.050384,0.219347,0.059841,0.974799
2,-1.481375,-0.137148,0.741677,-0.395767,-0.200888,0.048074,-0.373637,0.009281,0.302406,0.029064,0.96235
2,-1.516356,-0.14725,0.69359,-0.180059,0.040388,0.018085,-0.396129,0.021238,0.259071,0.038857,0.956236
2,-1.489748,-0.156801,0.742926,-0.388401,-0.180516,0.063757,-0.403425,0.048822,0.241324,0.044245,0.994911
2,-1.457206,-0.14756,0.754483,-0.410947,-0.218301,0.046468,-0.364591,0.025942,0.291137,0.014114,0.984829
2,-1.529451,-0.150872,0.68752,-0.154426,0.056552,-0.002719,-0.370513,0.007,0.292117,0.005604,0.946243
2,-1.518521,-0.139378,0.717784,-0.463683,-0.276386,0.075787,-0.391911,0.028068,0.286015,0.048518,0.940964
2,-1.509001,-0.138514,0.72418,-0.489288,-0.300148,0.080695,-0.399044,0.032575,0.297701,0.053902,0.932065
2,-1.498291,-0.144656,0.731468,-0.426826,-0.231098,0.069177,-0.39244,0.034986,0.26277,0.045141,0.970546
2,-1.48285,-0.160066,0.720992,-0.202068,0.014097,0.003504,-0.376172,0.019043,0.290269,0.002229,0.968169
2,-1.462669,-0.151985,0.741594,-0.231294,-0.024318,0.008197,-0.351279,0.027782,0.256866,0.000509,1.018837
2,-1.531137,-0.153341,0.707633,-0.264892,-0.045363,0.033314,-0.413492,0.025842,0.29221,0.043377,0.934553
2,-1.520576,-0.152177,0.722373,-0.341746,-0.109457,0.076027,-0.459035,0.046983,0.235236,0.0941,0.956197
2,-1.502908,-0.134921,0.724768,-0.494704,-0.320214,0.074817,-0.365914,0.029631,0.284656,0.033924,0.958225
2,-1.480607,-0.154632,0.731995,-0.518575,-0.336591,0.078802,-0.386582,0.032023,0.297874,0.023239,0.941784
2,-1.484706,-0.141919,0.740346,-0.551209,-0.382149,0.062315,-0.361405,-0.011413,0.38618,-0.001899,0.898069
2,-1.483097,-0.148117,0.724911,-0.197749,0.003434,-0.010688,-0.338168,-0.010079,0.30857,-0.021556,0.97834
2,-1.516258,-0.168776,0.66328,0.028352,0.291489,-0.001927,-0.448389,0.058906,0.19379,0.067885,0.964441
2,-1.507361,-0.158632,0.687223,-0.058738,0.201547,0.020855,-0.454798,0.058395,0.187974,0.088613,0.979184
2,-1.504761,-0.166397,0.728692,0.07618,-0.153947,0.079235,-0.434893,0.025915,0.306008,0.017151,0.950326
2,-1.498969,-0.16,0.705556,0.203047,-0.01449,0.061695,-0.437923,0.014818,0.27531,0.028559,0.953081
2,-1.512413,-0.147259,0.692828,-0.114788,0.138101,0.037353,-0.452131,0.054798,0.177308,0.1034,0.98747
2,-1.578175,-0.148556,0.732537,-0.508399,-0.27709,0.114516,-0.504582,0.058636,0.304415,0.131519,0.889105
2,-1.551933,-0.167548,0.689019,-0.097646,0.162093,0.033605,-0.469148,0.070211,0.184037,0.091739,0.982286
2,-1.449692,-0.13996,0.695997,-0.026592,0.192759,-0.038329,-0.338717,0.003117,0.27197,-0.004384,0.981013
2,-1.512621,-0.142445,0.714919,-0.455178,-0.260217,0.081756,-0.408633,0.033027,0.272151,0.059594,0.938319
2,-1.587895,-0.161696,0.761404,-0.16468,-0.37739,0.173011,-0.539065,0.063359,0.273535,0.124461,0.9438
2,-1.518918,-0.140425,0.72639,-0.387058,-0.197287,0.04997,-0.36999,0.024207,0.284216,0.028055,0.970278
2,-1.471317,-0.143556,0.730018,-0.161188,0.044356,-0.02247,-0.33282,-0.014533,0.316968,-0.023084,0.981116
2,-1.497557,-0.15394,0.687775,-0.091567,0.123268,-0.021388,-0.358445,-0.004665,0.288976,-0.010464,0.954435
2,-1.472421,-0.149279,0.742262,-0.223652,-0.024329,-0.013857,-0.329668,0.011437,0.323017,-0.026641,0.988949
2,-1.529942,-0.145993,0.700923,-0.254728,-0.036525,0.038847,-0.410458,0.030979,0.261781,0.054619,0.950702
2,-1.550916,-0.143399,0.724893,-0.284139,-0.031993,0.069081,-0.48699,0.050472,0.253875,0.127205,0.940154
2,-1.470158,-0.155249,0.694783,-0.018786,0.214392,-0.034689,-0.372951,-0.005844,0.286362,-0.001986,0.956959
2,0.660634,-0.058874,1.146859,0.010224,-0.238415,-0.042418,-0.182413,-0.155063,0.47726,-0.119331,0.649956
2,0.514004,-0.077535,1.127321,-0.566992,-0.351601,0.020799,-0.284109,-0.069834,0.370064,0.009718,0.539619
2,-0.174631,0.183055,0.568083,-0.348607,-0.317245,-0.077988,0.108031,0.089966,0.42286,0.043767,0.797142
2,-0.476088,-0.035471,0.46065,-0.426139,-0.377193,0.023817,-0.093188,-0.030289,0.235596,-0.067798,0.735926
2,0.518346,-0.029272,0.383258,-0.46223,-0.385578,0.056759,-0.161897,0.017388,0.228519,-0.040473,0.732893
2,0.544551,-0.03319,0.412166,-0.460874,-0.380321,0.051929,-0.16189,0.018284,0.233661,-0.048895,0.753485
2,0.508609,-0.036388,0.319297,-0.142074,-0.049153,-0.009543,-0.13581,0.001489,0.183277,-0.066244,0.690126
2,0.557299,-0.023598,0.347415,-0.242745,-0.151738,-0.00054,-0.14683,-0.005672,0.261382,-0.065175,0.73939
2,0.543403,-0.029911,0.407588,-0.471405,-0.395543,0.047754,-0.153689,0.004698,0.256598,-0.059441,0.763328
2,0.513865,-0.034334,0.354592,-0.291639,-0.208046,0.019574,-0.142664,0.010548,0.201688,-0.059461,0.71729
2,-1.353051,-0.078766,0.444441,-0.593675,-0.541533,0.040391,-0.234293,-0.134223,0.584493,-0.084672,0.528922
2,-1.500682,-0.106267,0.485047,-0.622948,-0.510006,0.101552,-0.379757,-0.063417,0.499705,0.027942,0.552951
2,-1.427927,-0.109466,0.49971,-0.210725,-0.07607,-0.016169,-0.291736,-0.076736,0.452021,-0.046868,0.666634
2,-1.354796,-0.105424,0.481714,-0.448505,-0.346289,0.036616,-0.290178,-0.071355,0.47181,-0.043646,0.61523
2,-1.446084,-0.140595,0.499802,-0.029779,0.161316,-0.006547,-0.374162,-0.018953,0.297185,0.011526,0.743791
2,-1.329201,-0.131096,0.57381,-0.160482,-0.014678,-0.021243,-0.259167,-0.01679,0.29478,-0.065034,0.853372
2,-1.388428,-0.104623,0.478736,-0.401937,-0.298091,0.026338,-0.285638,-0.090501,0.470143,-0.051089,0.621385
2,-1.346851,-0.096487,0.469662,-0.396613,-0.316188,-0.002264,-0.229042,-0.119235,0.526637,-0.101424,0.603884
2,-1.345031,-0.092011,0.514685,-0.360887,-0.2457,0.006323,-0.275554,-0.091623,0.491827,-0.044659,0.642234
2,-1.404424,-0.093571,0.482899,-0.407416,-0.299493,0.038536,-0.293818,-0.061938,0.436392,-0.017341,0.643529
2,-1.371876,-0.12675,0.544803,-0.086881,0.057657,-0.026346,-0.253162,-0.014176,0.253146,-0.058647,0.869129
2,-1.431934,-0.106762,0.508383,-0.603505,-0.478294,0.099795,-0.38335,-0.034003,0.469282,0.041037,0.588041
2,-1.311256,-0.134799,0.583497,-0.066663,0.062844,-0.057266,-0.188634,-0.012953,0.244519,-0.121187,0.953757
2,-1.458514,-0.133899,0.540673,-0.336222,-0.165961,0.056976,-0.397111,-0.008233,0.351716,0.037139,0.713946
2,-1.35304,-0.078339,0.449508,-0.578289,-0.52142,0.038159,-0.238309,-0.135649,0.581749,-0.080033,0.533373
2,-1.348009,-0.081666,0.44555,-0.573438,-0.525741,0.029575,-0.217154,-0.139727,0.58401,-0.103551,0.541309
2,-1.436896,-0.109423,0.473561,-0.44663,-0.33398,0.051623,-0.326557,-0.071608,0.461174,-0.018371,0.602769
2,-1.398289,-0.101266,0.478023,-0.550118,-0.449941,0.063283,-0.322016,-0.084224,0.516929,-0.020535,0.561527
2,-1.447832,-0.121877,0.560207,-0.088029,-0.380683,0.125781,-0.414998,-0.007569,0.380638,0.041105,0.71307
2,-1.421197,-0.122716,0.532914,0.270475,-0.015418,0.032154,-0.335138,-0.030021,0.32303,-0.024701,0.790677
2,-1.303298,-0.08211,0.467816,-0.509376,-0.447045,0.021425,-0.216544,-0.117024,0.531972,-0.091355,0.594263
2,-1.259581,-0.136036,0.608694,0.037922,0.178256,-0.087857,-0.165754,-0.010237,0.220103,-0.138114,1.005567
2,-1.329443,-0.099793,0.509673,-0.347081,-0.236776,-0.00172,-0.262262,-0.097572,0.489448,-0.066934,0.646811
2,-1.373943,-0.143102,0.554251,0.039078,0.201736,-0.049856,-0.254727,0.006641,0.204029,-0.069116,0.92519
2,-1.391399,-0.136168,0.524927,0.035762,0.19311,-0.047648,-0.258326,0.000872,0.227513,-0.06236,0.886028
2,-1.44803,-0.119041,0.497577,-0.188265,-0.03721,0.00255,-0.328762,-0.066827,0.388719,-0.019136,0.69092
2,-1.330651,-0.116771,0.511298,-0.271851,-0.170722,-0.03036,-0.218491,-0.088998,0.456553,-0.119083,0.7026
2,-1.266037,-0.085927,0.471235,-0.455796,-0.414532,-0.030222,-0.14545,-0.148595,0.602907,-0.172336,0.594022
2,-1.323239,-0.075818,0.428396,-0.626381,-0.600916,0.020879,-0.186472,-0.161659,0.652305,-0.135792,0.49601
2,-1.276014,-0.075494,0.484162,-0.399974,-0.348749,-0.04393,-0.144989,-0.152824,0.608992,-0.159964,0.603664
2,-1.295079,-0.079731,0.460961,-0.603278,-0.564418,0.016808,-0.191868,-0.144964,0.627529,-0.128318,0.536864
2,-1.464894,-0.129039,0.500338,-0.129646,0.033958,-0.013038,-0.340304,-0.060639,0.403169,-0.02413,0.685027
2,-1.427523,-0.118227,0.496974,-0.334707,-0.199062,0.025029,-0.334011,-0.063666,0.450117,-0.020376,0.634606
2,-1.291142,-0.136689,0.616751,0.001562,0.149373,-0.078846,-0.191973,-0.022584,0.254797,-0.122855,0.966354
2,-1.402378,-0.122652,0.505341,-0.014808,0.137041,-0.03311,-0.269993,-0.016673,0.260024,-0.042508,0.824663
2,-1.39582,-0.102918,0.508172,-0.268012,-0.136624,0.006344,-0.29475,-0.069876,0.412911,-0.027297,0.690434
2,-1.468492,-0.123674,0.488701,-0.107138,0.049626,-0.014708,-0.323586,-0.058757,0.373408,-0.026516,0.705528
2,-1.308181,-0.134438,0.624088,0.085894,-0.20973,0.055282,-0.312221,0.005743,0.305761,-0.044055,0.874643
2,-1.39403,-0.099897,0.465775,-0.583864,-0.498113,0.06872,-0.303292,-0.072346,0.506457,-0.030155,0.566485
2,-1.325457,-0.112448,0.537381,-0.224972,-0.109778,-0.021607,-0.224221,-0.058212,0.358968,-0.087627,0.789069
2,-1.262495,-0.100807,0.571219,-0.198586,-0.073664,-0.022269,-0.214106,-0.018126,0.300957,-0.063902,0.855871
2,-1.400406,-0.119936,0.497392,-0.12358,0.012716,-0.027145,-0.27024,-0.063049,0.364119,-0.063528,0.739348
2,-1.318556,-0.072127,0.435678,-0.590676,-0.56498,0.015689,-0.171281,-0.146688,0.611601,-0.133262,0.538093
2,-1.303966,-0.120227,0.583934,-0.178233,-0.036678,-0.020586,-0.247074,-0.026698,0.297918,-0.062363,0.859116
2,-1.37599,-0.102022,0.450255,-0.514092,-0.440336,0.040412,-0.261264,-0.093465,0.50795,-0.073243,0.577923
2,-1.45132,-0.100877,0.475648,-0.487983,-0.378576,0.064353,-0.330668,-0.06662,0.460416,-0.001931,0.600848
2,-1.294328,-0.128941,0.625266,-0.052821,0.09031,-0.073584,-0.191675,-0.032369,0.292753,-0.119784,0.942542
2,-1.425752,-0.116425,0.500308,-0.203193,-0.065526,-0.014929,-0.296761,-0.072321,0.437892,-0.049855,0.675555
2,-1.307074,-0.133228,0.650512,0.161339,-0.127301,0.044101,-0.294144,0.022074,0.233537,-0.043984,0.965315
2,-1.300859,-0.132785,0.608373,-0.096868,0.026401,-0.069763,-0.168933,-0.039038,0.296388,-0.146039,0.941684
2,-1.350909,-0.097638,0.487806,-0.402822,-0.304138,0.011706,-0.265268,-0.107816,0.510067,-0.067694,0.609504
2,-1.372775,-0.131046,0.55668,-0.114558,0.046269,-0.022698,-0.292943,-0.029879,0.316549,-0.045153,0.813698
2,-1.393091,-0.100105,0.479893,-0.392032,-0.289624,0.024518,-0.278307,-0.085418,0.459794,-0.047694,0.634471
2,-1.308956,-0.133033,0.617398,-0.12181,0.036885,-0.03137,-0.254112,-0.003205,0.262157,-0.062652,0.918934
2,-1.448052,-0.130881,0.497018,-0.074859,0.098872,-0.001682,-0.346896,-0.005652,0.291606,0.007254,0.757305
2,-1.53172,-0.105839,0.47133,-0.534439,-0.422724,0.07913,-0.359701,-0.069897,0.488761,0.011319,0.567853
2,-1.289679,-0.131502,0.611854,-0.009902,0.131718,-0.077923,-0.182366,-0.016418,0.255304,-0.12244,0.967369
2,-1.291399,-0.08213,0.472554,-0.469014,-0.405448,0.006516,-0.203627,-0.120579,0.535043,-0.10365,0.604829
2,-1.331435,-0.082357,0.433063,-0.511029,-0.484505,-0.005766,-0.152836,-0.149995,0.590013,-0.159647,0.566189
2,-1.298347,-0.085258,0.464089,-0.420394,-0.369997,-0.022137,-0.163268,-0.141224,0.559668,-0.148813,0.608686
2,0.745373,-0.056841,1.007706,-0.297454,-0.115055,-0.097148,-0.141467,-0.142317,0.464839,-0.144526,0.732297
2,-0.008453,-0.001724,0.437509,-0.002045,0.029105,-0.156685,0.109468,-0.113164,0.336772,-0.231094,0.755491
2,0.335399,0.1508,0.381984,-0.147218,-0.115927,-0.060735,0.088284,-0.026797,0.246948,-0.049694,0.641237
3,-0.251396,-0.018378,0.609112,-0.064539,-0.489851,-0.012161,0.033495,-0.080889,0.337545,-0.195587,0.861465
3,-0.244141,-0.005481,0.599097,-0.518999,-0.517419,-0.061411,0.086676,-0.074403,0.401661,-0.205256,0.835761
3,-0.319337,0.140615,0.525825,-0.380936,-0.506678,-0.493023,-0.099374,-0.139164,0.293884,-0.233063,0.816684
3,-0.239452,0.022331,0.60128,-0.51683,-0.521448,-0.059928,0.105505,-0.069624,0.388691,-0.177867,0.85384
3,-0.221187,0.021585,0.639342,-0.620935,-0.627013,-0.037195,0.095585,-0.111272,0.395523,-0.182076,0.85534
3,0.362677,0.019206,0.221476,-0.497348,-0.421008,0.088876,-0.222675,0.021107,0.321543,0.053201,0.637029
3,0.54401,-0.054621,0.75068,-0.436579,-0.379501,0.009682,0.043525,0.043569,-0.062893,-0.085244,0.482557
3,-0.580745,-0.058035,0.294386,-0.149201,-0.08703,-0.018152,-0.132909,-0.046682,0.268849,-0.08482,0.596321
3,-0.886763,-0.082155,0.292773,0.210244,-0.172376,0.02088,-0.199429,-0.084987,0.388518,-0.111256,0.540543
3,-0.598254,-0.063135,0.404603,-0.236029,-0.193319,-0.049348,-0.058604,-0.060229,0.331193,-0.158513,0.690379
3,-0.689851,0.021297,0.24695,-0.171988,-0.11713,0.016983,-0.153696,-0.128656,0.285162,0.015694,0.535502
3,-0.860251,-0.074905,0.249413,0.239425,-0.1098,0.069973,-0.28816,-0.036896,0.286189,-0.004944,0.505686
3,0.47046,0.024194,0.076961,-0.039532,0.101226,0.001377,-0.267602,-0.004186,0.347811,0.062581,0.701909
3,0.5492,-0.056581,0.642729,-0.028004,0.054792,-0.06722,0.052238,0.024742,-0.10019,-0.099893,0.434205
3,0.47236,0.045916,0.063395,-0.092448,0.035116,0.020651,-0.284017,-0.060957,0.395847,0.069466,0.673668
3,-0.001715,0.028806,0.108848,-0.14874,-0.109735,-0.062195,-0.116502,-0.193464,0.60821,-0.118341,0.493655
3,0.655492,-0.011758,0.113838,-0.299028,-0.170045,0.014524,-0.321461,-0.071119,0.602628,-0.04668,0.842612
3,0.252373,0.253033,0.269978,-0.172178,-0.254538,-0.467854,-0.20734,-0.113849,0.319701,-0.036201,0.670865
3,0.551301,-0.054791,0.714264,-0.261724,-0.196343,-0.030064,0.059049,0.030122,-0.069341,-0.102533,0.470814
3,-0.268371,0.193982,0.317417,-0.020445,0.083372,-0.011976,-0.125008,-0.115922,0.304598,0.218434,0.579647
3,0.429438,0.023718,0.134784,-0.104014,0.025514,0.005311,-0.241129,-0.007831,0.338294,0.055336,0.671762
3,-0.097033,0.428325,0.30582,-0.016809,0.076002,0.014711,-0.064573,-0.174248,0.311283,0.455924,0.635261
3,0.203927,-0.019903,0.262048,-0.180757,-0.10667,-0.037115,-0.130432,-0.079039,0.399399,-0.1007,0.623602
3,0.051602,0.021178,0.151737,-0.146464,-0.09814,-0.060074,-0.111971,-0.174931,0.551907,-0.113119,0.535969
3,0.564541,0.003013,0.102663,-0.27541,-0.155613,0.009274,-0.296328,-0.069829,0.586966,-0.030617,0.782609
3,0.561433,0.001909,0.030895,-0.113472,0.031033,0.012957,-0.335135,-0.034251,0.483583,0.025039,0.743319
3,0.544224,0.001176,0.211948,0.149692,-0.197909,0.037496,-0.213853,-0.043253,0.414496,-0.047859,0.716548
3,0.50195,0.037925,0.078741,-0.11465,0.01165,0.002936,-0.271503,-0.047378,0.45593,0.037348,0.719704
3,0.552184,-0.056275,0.644541,-0.014336,0.067822,-0.073581,0.059069,0.021124,-0.096164,-0.106492,0.437549
3,0.612573,-0.006127,0.090208,-0.336294,-0.210605,0.033185,-0.338453,-0.059994,0.601027,-0.020758,0.808095
3,0.549471,0.008828,0.101373,-0.282393,-0.159134,0.017707,-0.30336,-0.075553,0.570457,-0.012732,0.778404
3,0.14719,-0.000672,0.253682,0.008906,-0.373201,0.048266,-0.187134,-0.105783,0.490516,-0.07176,0.587521
3,0.610455,-0.013572,0.077206,-0.354288,-0.223154,0.052701,-0.366744,-0.053307,0.573849,-0.003285,0.793391
3,-0.007045,0.029868,0.149624,-0.143715,-0.093196,-0.059489,-0.120583,-0.177846,0.573288,-0.097626,0.507583
3,0.061981,0.038355,0.159845,-0.309322,-0.249642,-0.006407,-0.178914,-0.150578,0.584989,-0.042138,0.52483
3,0.155949,0.114503,0.190972,-0.167811,-0.113899,-0.042007,-0.098892,-0.248983,0.542889,-0.020519,0.607174
3,0.135832,-0.001187,0.221672,-0.236741,-0.172929,-0.023937,-0.134105,-0.106759,0.441615,-0.083682,0.584077
3,0.629445,-0.007776,0.093846,-0.282225,-0.156769,0.014821,-0.321206,-0.078624,0.601514,-0.04188,0.817714
3,0.135188,0.002402,0.187361,-0.170402,-0.122628,-0.052743,-0.098083,-0.117794,0.476972,-0.121917,0.577658
3,0.506323,0.00271,0.132027,-0.339733,-0.227675,0.032174,-0.286095,-0.06329,0.524065,-0.011531,0.74134
3,0.045432,0.004457,0.162989,-0.306616,-0.242524,-0.016416,-0.188509,-0.119872,0.603202,-0.072156,0.51379
3,0.063911,0.005918,0.193408,-0.233923,-0.174657,-0.029945,-0.140915,-0.120547,0.50417,-0.084103,0.54599
3,0.133146,0.231598,0.210621,-0.042203,0.066743,0.028229,-0.163478,-0.184344,0.273198,0.262495,0.602867
3,0.370566,0.197103,0.142114,-0.30265,-0.333321,-0.397361,-0.419307,-0.079866,0.437007,0.012792,0.673473
3,0.583019,-0.015377,0.141052,-0.03997,0.081474,-0.021436,-0.215046,-0.019488,0.323646,-0.030352,0.697724
3,0.532393,-0.007439,0.281225,-0.085404,-0.003826,-0.041933,-0.067122,-0.001376,0.18957,-0.068376,0.650353
3,0.071839,0.013077,0.15118,-0.227067,-0.162454,-0.038275,-0.171822,-0.168813,0.614156,-0.091199,0.52394
3,0.624692,-0.004266,0.121191,-0.288119,-0.166627,0.01042,-0.296119,-0.065535,0.57682,-0.04286,0.820375
3,-0.200939,0.211852,0.151236,-0.162578,-0.24902,-0.481029,-0.291319,-0.187041,0.557047,-0.080662,0.451244
3,0.300023,0.119732,0.1403,-0.120772,-0.035591,-0.025223,-0.167727,-0.233951,0.531503,0.030902,0.646118
3,-0.251288,0.150485,0.168768,-0.145537,-0.119222,-0.075641,-0.060832,-0.217474,0.689152,-0.007121,0.45155
3,0.599907,-0.004232,0.004714,-0.115684,0.03371,0.015557,-0.366793,-0.056619,0.533267,0.013958,0.764322
3,0.18128,0.202956,0.148163,-0.293063,-0.345216,-0.405885,-0.383181,-0.140691,0.443094,-0.007654,0.577538
3,0.083127,0.341124,0.220921,-0.011604,-0.032877,-0.40541,-0.325049,-0.12306,0.152068,0.216154,0.588851
3,0.508727,0.00903,0.133548,-0.264188,-0.151078,0.007849,-0.262749,-0.073997,0.526134,-0.023673,0.746433
3,0.389656,0.260514,0.113285,-0.08187,-0.116852,-0.446773,-0.356702,-0.15049,0.424596,0.026584,0.688927
3,-0.419491,0.761284,0.442232,-0.018284,-0.109229,-0.445771,-0.068405,-0.384709,0.318585,0.511205,0.742747
3,0.187123,0.054008,0.36805,-0.160546,-0.095454,-0.027012,-0.051993,-0.06269,0.237711,-0.016425,0.673114
3,0.622889,-0.014869,0.217216,-0.339237,-0.235077,0.013506,-0.226061,-0.040482,0.45636,-0.059248,0.793642
3,0.589465,-0.016063,0.052681,0.1713,-0.124925,0.082753,-0.399762,-0.037068,0.509774,0.020188,0.755668
3,0.379409,-0.001477,0.209926,0.090911,-0.258298,0.025271,-0.234666,-0.087694,0.571738,-0.071538,0.682078
3,0.377179,0.030669,0.196452,-0.238493,-0.152999,-0.021646,-0.168854,-0.097883,0.500654,-0.045971,0.685914
3,0.247526,0.001114,0.139861,-0.226332,-0.150361,-0.031017,-0.188686,-0.122149,0.578164,-0.089317,0.598039
3,0.496426,-0.028218,0.361264,-0.006531,0.064336,-0.049156,0.019311,0.050383,-0.048166,-0.06898,0.557692
3,0.088266,0.012853,0.126662,-0.197254,-0.136739,-0.048191,-0.163772,-0.163089,0.626848,-0.10293,0.522935
3,0.524343,-0.004678,0.160616,-0.043919,-0.371688,0.094752,-0.336072,-0.038923,0.546919,-0.002896,0.760736
3,-0.129325,0.393037,0.299156,0.008048,0.080988,-0.020772,-0.01742,-0.105516,0.341876,0.387181,0.618546
3,0.596283,-0.000911,0.092562,-0.299355,-0.175351,0.014292,-0.314867,-0.073784,0.613495,-0.034078,0.814824
3,0.235475,0.0223,0.393087,-0.162594,-0.09439,-0.042809,-0.041781,-0.071146,0.246691,-0.065012,0.690372
3,0.627944,0.00204,0.108285,-0.275618,-0.152191,0.007663,-0.30256,-0.077305,0.598852,-0.039845,0.826418
3,0.505547,-0.024552,0.321196,-0.067101,0.012493,-0.026208,-0.039807,0.040852,0.021502,-0.04774,0.580793
3,0.519607,0.020727,0.127977,-0.098365,0.00557,-0.044284,-0.199505,-0.117826,0.520516,-0.06786,0.746382
3,0.165336,0.337516,0.219788,-0.156983,-0.326358,-0.882785,-0.506494,-0.147336,0.347464,-0.071045,0.609967
3,0.177782,0.0405,0.211662,-0.256303,-0.173398,-0.012603,-0.174432,-0.095581,0.503052,-0.008884,0.588982
3,0.547365,0.002021,0.099031,-0.270503,-0.150803,0.011727,-0.297411,-0.077157,0.575136,-0.028474,0.769175
3,0.236585,0.06552,0.178019,-0.223856,-0.165409,-0.032482,-0.127325,-0.179617,0.545006,-0.056852,0.627847
3,0.643281,-0.012157,0.115241,-0.332847,-0.208082,0.022305,-0.322846,-0.068641,0.605268,-0.044687,0.834689
3,0.49444,0.018445,0.169396,0.104469,-0.225052,0.068614,-0.282869,-0.06806,0.455606,0.007272,0.732461
3,0.548516,-0.05684,0.633848,-0.001821,0.083165,-0.070777,0.05043,0.024617,-0.104489,-0.09862,0.429311
3,0.179343,0.035952,0.352159,-0.158084,-0.106217,-0.047363,-0.028361,-0.089301,0.286401,-0.074718,0.668807
3,0.170108,0.021503,0.180268,-0.229648,-0.14928,-0.033695,-0.181397,-0.122337,0.585687,-0.059004,0.576465
3,0.611304,-0.00824,0.094031,-0.322681,-0.19979,0.022966,-0.325935,-0.076128,0.612605,-0.039397,0.813083
3,0.552486,0.010564,0.019327,-0.062777,0.08399,0.007367,-0.332398,-0.053606,0.469642,0.033485,0.731286
3,0.641528,-0.020691,0.00567,-0.036177,0.119901,-0.006877,-0.364376,-0.060526,0.535346,-0.016087,0.773045
3,0.177565,0.017755,0.211443,-0.239829,-0.174599,-0.023683,-0.13671,-0.095723,0.465664,-0.064318,0.596335
3,0.339282,0.015967,0.115316,-0.079602,0.010787,-0.063485,-0.180516,-0.128909,0.577867,-0.087336,0.638149
3,-1.347908,-0.126968,0.60843,-0.206321,-0.024074,-0.003431,-0.341515,-0.038565,0.372876,-0.008124,0.787139
3,-1.324704,-0.117529,0.629957,-0.271087,-0.109985,-0.028136,-0.2981,-0.09215,0.496052,-0.059966,0.740454
3,-1.376793,-0.125612,0.677804,-0.513481,-0.34878,0.056708,-0.36027,-0.028169,0.417033,0.009209,0.798355
3,0.546512,-0.055542,1.163807,-0.345166,-0.133239,-0.068503,-0.182986,-0.130954,0.396958,-0.060063,0.613223
3,0.473869,-0.079675,1.096164,-0.364984,-0.173998,-0.031609,-0.197561,-0.100915,0.303005,-0.048645,0.464517
3,0.552517,-0.074644,1.167634,-0.173509,-0.438857,0.026639,-0.206096,-0.109491,0.376967,-0.0763,0.568062
3,0.524421,-0.080592,1.057898,-0.122142,0.124885,-0.07159,-0.246685,-0.083169,0.288511,-0.019906,0.586638
3,-0.000788,-0.021024,0.383941,-0.362128,-0.300256,0.013373,-0.09785,-0.038291,0.246743,-0.058313,0.648877
3,-0.16552,-0.015092,0.485113,-0.406882,-0.320261,0.074156,-0.136841,0.137044,0.019011,0.072433,0.737251
3,-0.491721,0.588326,0.437427,-0.02206,-0.069768,-0.437699,-0.177612,-0.115563,0.254757,0.417247,0.710513
3,-0.68829,0.203894,0.242074,-0.607817,-0.628219,0.049964,-0.089592,-0.242265,0.697095,0.108977,0.379449
3,-0.498992,0.183168,0.162393,-0.644179,-0.664383,0.061881,-0.126484,-0.228416,0.745974,0.082993,0.340439
3,-1.491651,-0.138076,0.725796,-0.41845,-0.234318,0.039048,-0.363319,-0.003508,0.363833,0.008103,0.909323
3,0.485548,-0.088474,1.23578,-0.440877,-0.198854,-0.045163,-0.260285,-0.135364,0.443998,-0.049256,0.611274
3,0.496976,-0.049566,1.139551,-0.301149,-0.050373,-0.05829,-0.282064,-0.099038,0.472007,0.016363,0.539483
3,0.440726,-0.080196,1.337596,-0.534095,-0.3035,-0.053627,-0.211943,-0.133572,0.465958,-0.07105,0.672273
3,-0.448742,0.026651,0.503506,-0.127271,-0.131931,-0.163866,0.155965,-0.158207,0.457448,-0.252254,0.812525
3,-0.403607,0.169825,0.544298,-0.378469,-0.509525,-0.499938,-0.078231,-0.119571,0.310463,-0.206822,0.841071
3,-0.561009,0.00485,0.535856,-0.170916,-0.161675,-0.148719,0.11274,-0.197513,0.473298,-0.254323,0.799325
3,-0.689493,-0.04457,0.537048,-0.358008,-0.3192,-0.037286,-0.029784,-0.09662,0.320635,-0.15972,0.822166
3,-0.220929,-0.041739,0.416754,-0.553056,-0.499174,0.086557,-0.14562,0.024404,0.15773,-0.012827,0.683291
3,0.015933,-0.009763,0.190325,-0.186199,-0.131218,0.022354,-0.133073,-0.00831,0.186644,-0.02223,0.598357
3,0.204382,-0.006578,0.208461,0.00978,0.074213,-0.033888,-0.078116,0.000565,0.138562,-0.056561,0.663804
3,-0.015146,-0.002514,0.183991,-0.227862,-0.176243,0.04673,-0.144397,0.010169,0.147613,0.003648,0.614153
3,0.047477,0.145776,0.223869,-0.209195,-0.283405,-0.385897,-0.297237,0.015576,0.04506,-0.025941,0.650714
3,-0.032982,0.013464,0.207934,-0.295311,-0.249431,0.056301,-0.138085,0.005614,0.169453,0.019511,0.614304
3,0.170015,-0.015434,0.152084,0.009188,0.090404,-0.00328,-0.146815,0.011077,0.121624,-0.009,0.593788
3,0.196036,-0.005488,0.318727,0.183275,-0.204217,0.043435,-0.100102,0.020097,0.153833,-0.049925,0.69666
3,0.174196,-0.024926,0.326764,0.054757,-0.337891,0.078381,-0.127909,0.028496,0.149541,-0.050101,0.699384
3,0.586881,0.163807,0.157688,-0.613988,-0.632116,-0.308081,-0.534561,-0.087668,0.483985,-0.001356,0.820951
3,0.625694,-0.014782,0.159007,-0.628962,-0.511533,0.103386,-0.37446,-0.030508,0.595579,0.007427,0.839625
3,0.602441,-0.011493,0.142488,-0.606601,-0.4935,0.099443,-0.368906,-0.04216,0.598184,0.005015,0.818412
3,0.529898,0.006321,0.129196,-0.607438,-0.501083,0.109332,-0.360541,-0.049329,0.570355,0.035126,0.766336
3,0.470605,0.009021,0.131015,-0.615584,-0.508925,0.119731,-0.363131,-0.038044,0.538323,0.058309,0.722761
3,-0.333198,0.917854,0.405895,-0.616339,-0.514147,0.420008,-0.250075,-0.722563,0.235476,0.13399,0.695904
3,0.492641,0.079944,0.204592,-0.298571,-0.657316,0.160463,-0.327665,-0.089977,0.587837,0.061789,0.773039
3,0.52265,-0.009547,0.102581,-0.642663,-0.531873,0.125487,-0.39756,-0.031816,0.586075,0.038911,0.753024
3,0.453529,0.006541,0.116688,-0.644574,-0.539134,0.141498,-0.381737,-0.030651,0.506034,0.078375,0.697262
3,0.419408,0.046559,0.131785,-0.616306,-0.517135,0.134039,-0.349847,-0.064599,0.501754,0.100854,0.687092
3,0.546576,0.008673,0.130421,-0.562226,-0.453926,0.090182,-0.348109,-0.055862,0.592011,0.018368,0.784368
3,0.557517,-0.010897,0.128968,-0.622569,-0.512688,0.109386,-0.374266,-0.035776,0.587123,0.017801,0.782979
3,0.252214,0.10571,0.237288,-0.611289,-0.509348,0.15367,-0.301063,-0.0154,0.364509,0.135531,0.619794
3,0.465911,0.236852,0.224926,-0.623897,-0.672507,-0.323949,-0.430994,-0.109868,0.469038,0.004503,0.777481
3,0.487822,-0.002589,0.105361,-0.647313,-0.537089,0.134141,-0.395572,-0.022056,0.553951,0.061892,0.726035
3,0.419367,0.021961,0.143942,-0.536049,-0.436302,0.10087,-0.320039,-0.047007,0.490443,0.057593,0.685352
3,0.511597,0.002633,0.134753,-0.647659,-0.550441,0.11564,-0.352817,-0.045317,0.570099,0.027178,0.752857
3,0.505912,0.000493,0.115288,-0.571215,-0.460894,0.110053,-0.366436,-0.035464,0.53894,0.043792,0.737803
3,0.277397,0.107081,0.231007,-0.547589,-0.465545,0.122782,-0.242482,-0.05151,0.350267,0.124922,0.629991
3,0.395401,0.007686,0.113431,-0.594084,-0.492594,0.129923,-0.360573,-0.009666,0.479108,0.081546,0.650753
3,0.523295,0.018137,0.186928,-0.528756,-0.433216,0.071687,-0.27868,-0.054126,0.520084,0.009474,0.769364
3,0.462013,0.08826,0.140351,-0.53369,-0.440477,0.098545,-0.301175,-0.084846,0.546762,0.075881,0.735795
3,0.636851,-0.011088,0.186688,-0.65028,-0.541099,0.093369,-0.347733,-0.047546,0.61559,-0.014955,0.860699
3,0.363403,0.061301,0.17203,-0.548247,-0.459167,0.100192,-0.284225,-0.047421,0.484494,0.080271,0.666237
3,0.575196,-0.006524,0.148379,-0.656035,-0.551241,0.103916,-0.360896,-0.050387,0.621479,0.001573,0.812426
3,0.284388,0.297045,0.172092,-0.619644,-0.671956,-0.283753,-0.452959,-0.083853,0.415782,0.106935,0.647285
3,0.587128,-0.007903,0.137722,-0.59294,-0.48257,0.090412,-0.358759,-0.04662,0.615503,-0.001472,0.814291
3,0.553914,0.004073,0.135755,-0.597046,-0.489768,0.100777,-0.355192,-0.057925,0.584108,0.020292,0.788128
3,-0.402931,0.590249,0.423053,-0.591881,-0.559009,0.191925,-0.07691,-0.400931,0.385216,0.327216,0.634111
3,0.578228,-0.007895,0.1439,-0.646164,-0.538059,0.105645,-0.368037,-0.045827,0.614209,0.006735,0.809926
3,0.405368,0.009586,0.136065,-0.584782,-0.484738,0.124564,-0.342107,-0.018976,0.456876,0.075277,0.66251
3,0.341861,0.215858,0.206864,-0.522184,-0.434894,0.128431,-0.248516,-0.129929,0.463179,0.105271,0.691743
3,0.36827,0.056769,0.195387,-0.524367,-0.44064,0.089636,-0.254256,-0.061093,0.447429,0.06824,0.669163
3,0.558627,-0.012662,0.105304,-0.635449,-0.519402,0.127071,-0.406489,-0.02831,0.578262,0.040176,0.773376
3,0.376583,0.043364,0.163107,-0.535895,-0.456665,0.087374,-0.266374,-0.061953,0.492096,0.045396,0.668966
3,0.548443,0.028108,0.161979,-0.638767,-0.539128,0.104774,-0.336205,-0.06631,0.598194,0.020279,0.800531
3,0.626839,-0.014856,0.162148,-0.633829,-0.517824,0.103931,-0.372275,-0.035354,0.594849,0.004702,0.840112
3,0.06846,0.80815,0.379415,-0.53928,-0.401361,0.399306,-0.28986,-0.553955,0.137043,0.112016,0.800726
3,-0.255833,0.437274,0.347215,-0.594963,-0.568622,0.136876,-0.088203,-0.231576,0.459587,0.297908,0.569458
3,0.400785,0.010783,0.107213,-0.617893,-0.518631,0.138589,-0.367769,-0.021463,0.484428,0.084524,0.653264
3,0.496528,0.000793,0.107671,-0.62753,-0.518569,0.126911,-0.385834,-0.026027,0.554528,0.057333,0.731253
3,0.370508,0.023716,0.136799,-0.611504,-0.510131,0.133634,-0.351942,-0.014241,0.471756,0.102423,0.645641
3,0.548083,-0.002266,0.128481,-0.642987,-0.536698,0.114624,-0.373285,-0.049075,0.59483,0.023825,0.780914
3,0.197119,0.484284,0.233773,-0.512774,-0.539171,-0.228682,-0.444033,-0.167999,0.29683,0.082866,0.648684
3,-1.504564,-0.174012,0.916505,-0.423502,-0.210291,0.013913,-0.339931,0.033439,0.300801,-0.039515,1.174925
3,0.613073,-0.056269,1.205117,-0.407277,-0.678763,0.066291,-0.233368,-0.101759,0.472226,-0.054003,0.621887
3,0.603301,-0.032338,1.180128,-0.290679,-0.103585,-0.118961,-0.094847,-0.17659,0.459526,-0.130597,0.641153
3,0.534478,-0.014541,0.188625,-0.432974,-0.34543,0.02962,-0.237645,-0.056445,0.52334,-0.067595,0.763643
3,-0.319412,1.124581,0.479377,-0.269682,-0.288216,-0.249775,-0.210512,0.116661,0.391269,0.266637,0.649934
3,0.450767,0.067553,0.174406,-0.376042,-0.287355,0.030697,-0.224043,-0.09454,0.534963,0.009199,0.733621
3,0.640494,-0.015695,0.109842,-0.335956,-0.210116,0.027278,-0.330671,-0.065538,0.597467,-0.040807,0.827346
3,0.361811,0.013393,0.097784,0.079384,-0.243639,0.102537,-0.359441,-0.059882,0.489182,0.05355,0.613197
3,0.409632,0.152015,0.000156,-0.008163,-0.002114,-0.424237,-0.494454,-0.118271,0.396267,-0.013231,0.622465
3,0.448401,0.033463,0.041548,-0.172545,-0.051651,0.019356,-0.308835,-0.091073,0.527906,0.034332,0.669102
3,0.634495,-0.012659,0.109564,-0.280454,-0.161266,0.000143,-0.298424,-0.083539,0.620881,-0.070002,0.828295
3,0.463226,0.009424,0.075405,-0.322476,-0.208351,0.0435,-0.321717,-0.070314,0.550746,0.012137,0.694068
3,0.471988,0.020136,0.000208,-0.089285,0.044391,0.008087,-0.333043,-0.087583,0.533599,0.023024,0.67223
3,0.455916,0.045318,0.041922,-0.223745,-0.109996,0.025355,-0.305456,-0.070967,0.56344,0.022276,0.683945
3,0.599515,-0.010136,0.012553,-0.063479,0.078603,-0.022271,-0.331094,-0.083194,0.591996,-0.039984,0.774394
3,0.214132,0.464963,0.132041,-0.082545,-0.061331,-0.313831,-0.467587,-0.120118,0.2928,0.038089,0.587091
3,0.622936,-0.003889,0.119449,-0.346855,-0.227906,0.024829,-0.31267,-0.073062,0.602703,-0.040646,0.82204
3,0.507437,-0.001771,0.331048,-0.087477,-0.026782,-0.060505,0.022669,0.021256,0.111478,-0.090915,0.656933
3,-0.293511,1.081044,0.507057,-0.279887,-0.290773,-0.220605,-0.244011,-0.162641,0.30317,0.273178,0.767545
3,0.453064,0.005937,0.085452,0.036531,-0.285338,0.096414,-0.374437,-0.063484,0.573969,0.024799,0.684853
3,0.414852,0.319799,0.121578,-0.199961,-0.222879,-0.380676,-0.412237,-0.200692,0.419486,0.025705,0.717271
3,0.616649,-0.01988,0.193211,-0.063481,0.049151,-0.043088,-0.174556,-0.033777,0.356219,-0.075731,0.740059
3,0.610342,0.000844,0.10483,-0.273021,-0.152741,0.001724,-0.295785,-0.087786,0.614839,-0.05024,0.820238
3,0.346265,0.125788,0.138656,-0.146631,-0.055174,0.010438,-0.189289,-0.170555,0.4358,0.056685,0.658867
3,0.552257,-0.0084,0.283051,-0.04602,0.036205,-0.058845,-0.053524,-0.026235,0.202897,-0.089991,0.672814
3,0.378472,0.001697,0.093366,-0.269069,-0.16692,0.029878,-0.276909,-0.06767,0.483404,-0.003971,0.632723
3,-0.850622,1.113883,0.609213,0.087402,0.1351,-0.332189,-0.228361,0.179277,0.377791,0.272986,0.808747
3,0.417619,0.010661,0.031831,0.111842,-0.202719,0.102114,-0.401151,-0.071413,0.545953,0.05542,0.633049
3,0.646129,-0.019391,0.124025,-0.179138,-0.049871,-0.006563,-0.282968,-0.052081,0.504327,-0.051064,0.798124
3,0.333983,0.020867,0.073423,-0.117339,0.014278,0.019627,-0.305129,-0.061092,0.436759,0.06069,0.589992
3,0.350469,0.063418,0.053472,-0.01831,0.102104,-0.00884,-0.260053,-0.119371,0.459487,0.048816,0.605837
3,0.491816,0.010554,0.114713,-0.38757,-0.280564,0.038267,-0.301096,-0.079597,0.590441,-0.011563,0.737526
3,0.478274,0.047511,0.017799,-0.100303,0.024916,0.005137,-0.306729,-0.091119,0.539052,0.036006,0.683881
3,0.637397,-0.021881,0.155038,-0.084264,0.038379,-0.035379,-0.223132,-0.047084,0.430731,-0.072624,0.771127
3,0.57359,-0.002665,0.073664,0.040297,-0.274562,0.098485,-0.39525,-0.063644,0.585168,0.006638,0.75915
3,0.215732,0.250615,0.261534,-0.334547,-0.250905,0.068895,-0.153812,-0.086911,0.401378,0.11782,0.658174
3,0.656143,-0.018115,0.083352,-0.220916,-0.083606,0.0086,-0.335343,-0.066696,0.578291,-0.040118,0.822137
3,0.424274,0.124859,0.066677,-0.211452,-0.097765,0.042156,-0.285899,-0.103457,0.535662,0.050303,0.685257
3,0.528208,0.022386,0.077079,-0.147344,-0.026155,-0.005885,-0.276772,-0.072585,0.529584,-0.00364,0.732737
3,0.624886,-0.006874,0.104233,-0.268919,-0.152278,-0.003261,-0.292088,-0.090766,0.62506,-0.069322,0.821915
3,0.657573,-0.015552,0.087491,-0.22296,-0.086996,0.006378,-0.330072,-0.066241,0.582737,-0.041205,0.825641
3,0.606297,-0.006035,0.088145,-0.34677,-0.222562,0.038686,-0.341789,-0.069146,0.596287,-0.019108,0.801194
3,0.483774,0.03408,0.057526,-0.218524,-0.104362,0.019027,-0.297227,-0.084969,0.551765,0.014045,0.705359
3,0.612322,0.00459,0.087334,-0.238113,-0.116588,-0.002812,-0.300592,-0.095408,0.622433,-0.048408,0.811013
3,0.644491,-0.012532,0.125554,-0.302267,-0.177553,0.016891,-0.308986,-0.063758,0.572002,-0.044155,0.826392
3,0.368492,0.001042,0.07464,-0.268793,-0.163066,0.027835,-0.293808,-0.069669,0.52549,-0.002686,0.626191
3,0.509636,-0.026573,0.386841,-0.006865,0.056915,-0.066956,0.05008,0.036338,-0.023331,-0.097605,0.581062
3,0.643161,-0.008931,0.108109,-0.28464,-0.156404,0.017875,-0.320667,-0.06527,0.578835,-0.035444,0.823416
3,0.513956,-0.001916,0.040374,-0.159534,-0.032592,0.011392,-0.318334,-0.065719,0.523302,-0.005288,0.704569
3,0.478728,0.017658,0.127771,-0.34967,-0.262211,0.002281,-0.241682,-0.126621,0.636921,-0.066561,0.744131
3,0.443339,0.036765,0.057396,-0.223339,-0.110881,0.023321,-0.296036,-0.073502,0.542668,0.015908,0.676712
3,0.596613,-0.004272,0.042215,-0.215714,-0.080107,0.021332,-0.352279,-0.062723,0.578176,-0.006758,0.770571
3,-0.308586,1.256546,0.507758,-0.282696,-0.262768,-0.072117,-0.330458,-0.423557,0.11257,0.1571,0.806883
3,0.51367,-0.024111,0.414461,-0.074396,-0.017695,-0.060851,0.060813,0.033464,-0.007763,-0.104601,0.598069
3,0.632512,-0.010954,0.090973,-0.253068,-0.126601,0.005648,-0.316241,-0.079491,0.60365,-0.051082,0.817637
3,0.44848,0.143263,0.000087,-0.110431,-0.099905,-0.407694,-0.530146,-0.093384,0.46176,-0.00756,0.660276
3,0.659804,-0.019199,0.103238,-0.278722,-0.145355,0.016419,-0.332849,-0.060603,0.587293,-0.042644,0.83375
3,0.485707,0.031136,-0.002398,-0.030112,0.098816,-0.008859,-0.307417,-0.105819,0.526418,0.014854,0.676725
3,0.635894,-0.011167,0.116116,-0.307018,-0.188597,0.007228,-0.301529,-0.08557,0.619559,-0.065614,0.832074
3,0.493971,-0.014508,0.418098,-0.096732,-0.044453,-0.052338,0.065523,0.03378,-0.019987,-0.091838,0.584488
3,0.608859,0.002597,0.057107,-0.184365,-0.051457,0.007387,-0.327776,-0.07343,0.572065,-0.016623,0.783574
3,0.62684,-0.009538,0.103749,0.066239,-0.244012,0.079469,-0.378815,-0.074278,0.592441,-0.017134,0.806385
3,0.626644,-0.013108,0.02603,-0.040081,0.103442,-0.02549,-0.327319,-0.079456,0.570854,-0.043155,0.77841
3,-0.70743,1.663899,0.644323,-0.123909,-0.052969,-0.114908,-0.262769,0.178291,0.397419,0.165653,0.726381
3,0.3799,0.071205,0.035656,-0.091055,0.018323,0.002542,-0.264059,-0.112551,0.50562,0.045314,0.626386
3,0.579182,0.004162,0.040988,-0.120912,0.011528,-0.011042,-0.312286,-0.082172,0.5752,-0.025201,0.766403
3,0.642361,-0.01203,0.115359,-0.326899,-0.203779,0.019583,-0.318304,-0.072717,0.60614,-0.048668,0.832832
3,0.540886,-0.016955,0.329298,-0.139487,-0.065357,-0.036847,-0.03849,0.011726,0.143286,-0.08085,0.657602
3,0.027421,0.455971,0.178581,-0.001692,0.133381,0.094694,-0.222715,-0.253715,0.418162,0.063853,0.552642
3,0.559023,0.000674,0.084194,-0.360862,-0.243611,0.044654,-0.334043,-0.068457,0.585278,-0.008884,0.766014
3,0.622929,0.0116,0.056083,-0.066029,0.070997,-0.022647,-0.298867,-0.081151,0.549252,-0.022108,0.786841
3,0.433388,0.070952,0.032742,-0.01945,0.101815,-0.007182,-0.267748,-0.128524,0.480336,0.037009,0.657975
3,0.472939,0.022314,0.073548,-0.169885,-0.053866,-0.001973,-0.277385,-0.060282,0.542021,0.001586,0.695743
3,0.401856,0.017388,0.019245,-0.147982,-0.022432,0.028262,-0.328955,-0.079948,0.490973,0.040833,0.62153
3,0.422049,0.041715,0.162971,-0.361732,-0.269901,0.016331,-0.237564,-0.131006,0.588612,-0.02042,0.716077
3,0.424695,0.0027,0.063647,0.14028,-0.176283,0.079719,-0.367957,-0.049674,0.539814,0.030031,0.644868
3,0.532577,-0.007808,-0.034152,-0.052098,0.086887,-0.003121,-0.353401,-0.074641,0.561148,-0.008586,0.698629
3,0.02091,0.209846,0.219807,-0.005507,0.094154,-0.042972,-0.115235,0.0606,0.446778,0.163616,0.57327
3,0.305898,0.25561,0.170932,-0.314922,-0.334631,-0.366326,-0.43105,-0.053824,0.389071,0.046427,0.645633
3,0.360723,0.020715,0.158502,-0.06385,-0.398448,0.120476,-0.342516,-0.053005,0.507283,0.052487,0.642805
3,-0.695389,1.003007,0.6422,-0.273824,-0.120852,0.229049,-0.105898,-0.133312,0.365035,0.308361,0.841315
3,0.476957,0.011851,-0.006739,-0.070059,0.055076,0.002892,-0.316631,-0.084063,0.512212,0.005616,0.662132
3,0.541697,0.000992,0.005794,-0.180083,-0.050003,0.021562,-0.350943,-0.071965,0.567917,0.001959,0.721726
3,0.453628,0.004545,0.065627,-0.31692,-0.210781,0.046322,-0.310935,-0.060922,0.51961,0.007989,0.675486
3,0.5346,-0.011341,0.103771,-0.04451,-0.36909,0.102432,-0.380914,-0.066667,0.609444,-0.008557,0.753397
3,0.636722,-0.014443,0.099482,-0.323209,-0.194788,0.029723,-0.338122,-0.060485,0.590071,-0.031259,0.819403
3,0.610235,-0.000047,0.037052,-0.092606,0.046178,-0.013639,-0.32281,-0.082126,0.571674,-0.028257,0.777875
3,0.60662,-0.00419,0.049014,-0.167105,-0.034717,-0.004709,-0.323455,-0.087273,0.599282,-0.038269,0.79126
3,0.413267,0.024235,0.021772,-0.091394,0.044919,0.011801,-0.329322,-0.068623,0.505527,0.049413,0.631203
3,0.491191,0.022182,0.006444,-0.102955,0.018855,0.00312,-0.308887,-0.072584,0.533781,0.011536,0.681476
3,0.479994,0.018223,-0.002029,-0.143247,-0.016695,0.021728,-0.33719,-0.078358,0.534208,0.027085,0.673355
3,0.564562,0.015026,0.045216,-0.202187,-0.07294,0.021372,-0.333827,-0.084919,0.561079,0.004119,0.750454
3,0.642446,-0.014939,0.025357,-0.055241,0.092861,-0.017259,-0.339245,-0.07024,0.56078,-0.03338,0.789715
3,0.575059,0.004512,0.018898,-0.097535,0.037188,-0.010496,-0.324681,-0.083522,0.580641,-0.019408,0.753038
3,0.540345,0.008022,0.051781,-0.12314,0.007973,-0.009182,-0.303027,-0.077788,0.553712,-0.014328,0.741154
3,0.445919,0.056281,0.015262,-0.145833,-0.021891,0.032552,-0.322822,-0.104674,0.505805,0.053872,0.660417
3,0.500566,0.000497,-0.014792,-0.069734,0.060556,0.004374,-0.33193,-0.079442,0.51725,0.001598,0.67415
3,0.645055,-0.016739,0.089879,-0.276289,-0.14293,0.021823,-0.340144,-0.062253,0.581884,-0.032908,0.818856
3,0.506788,0.017312,0.113241,0.179162,-0.134351,0.05719,-0.321647,-0.04176,0.506517,0.022156,0.725669
3,0.609735,-0.015631,0.095881,-0.373266,-0.25098,0.042478,-0.343183,-0.061885,0.595845,-0.02866,0.802739
3,0.585493,-0.000034,0.052567,-0.221074,-0.096059,0.00845,-0.324291,-0.0842,0.603301,-0.030173,0.775525
3,0.376984,0.038997,0.034876,-0.144539,-0.025108,0.020462,-0.305181,-0.08841,0.504054,0.048525,0.616165
3,0.455916,0.045318,0.041922,-0.223745,-0.109996,0.025355,-0.305456,-0.070967,0.56344,0.022276,0.683945
3,0.515819,-0.002016,-0.025044,-0.14344,-0.012719,0.022009,-0.360481,-0.074159,0.557945,0.006832,0.690061
3,0.630159,-0.015598,0.015685,-0.039337,0.107283,-0.022425,-0.335543,-0.07406,0.566989,-0.038961,0.782155
3,0.542588,-0.020293,0.319817,-0.089278,-0.011083,-0.044596,-0.041161,0.008021,0.13427,-0.082767,0.644603
3,0.366616,0.259126,0.116949,-0.129216,-0.156766,-0.416074,-0.385383,-0.10016,0.375696,0.046719,0.66214
3,0.596583,0.009136,0.064519,-0.214571,-0.087329,0.018404,-0.323203,-0.08939,0.554569,-0.00916,0.775393
3,0.305201,0.038201,0.130189,-0.199568,-0.09156,0.01266,-0.248388,-0.076303,0.466203,0.033342,0.607491
3,0.529574,0.150085,0.061947,-0.213746,-0.221848,-0.410177,-0.48491,-0.122382,0.489675,-0.04853,0.746995
3,0.541728,0.001194,0.016789,-0.203965,-0.075319,0.021736,-0.347742,-0.070672,0.58074,-0.001859,0.729414
3,0.519466,0.016018,0.11669,-0.35031,-0.252308,0.009747,-0.269099,-0.118227,0.643458,-0.055283,0.768005
3,0.599865,0.006246,0.058929,-0.137692,-0.007577,-0.007937,-0.305915,-0.084935,0.564909,-0.027395,0.777312
3,0.58671,-0.009956,0.060428,-0.277414,-0.153527,0.023688,-0.336428,-0.070442,0.596821,-0.029144,0.775563
3,0.539349,0.009593,0.094877,-0.391659,-0.281465,0.040172,-0.318878,-0.082592,0.619267,-0.016032,0.770326
3,0.328872,0.098329,0.159619,-0.260293,-0.177814,0.021878,-0.191364,-0.115602,0.456175,0.052505,0.647036
3,0.498429,-0.005899,0.047073,0.07636,-0.24499,0.09542,-0.386719,-0.05493,0.563037,0.013857,0.692839
3,0.624423,-0.016875,0.167508,-0.143841,-0.028731,-0.026174,-0.217647,-0.04878,0.443235,-0.071074,0.771294
3,0.613507,-0.011918,0.135515,-0.075773,0.045276,-0.029641,-0.228195,-0.05319,0.425875,-0.055312,0.749272
3,-1.536083,-0.158567,0.706409,-0.234574,-0.00897,0.025968,-0.419668,0.025799,0.298501,0.039602,0.929882
3,0.638439,-0.032762,1.169112,-0.583817,-0.411478,-0.037598,-0.156439,-0.179075,0.493133,-0.08689,0.631699
3,0.581361,-0.043173,1.153223,-0.439375,-0.254661,-0.052865,-0.150443,-0.152326,0.397555,-0.077624,0.616998
3,0.602392,-0.002802,1.180639,-0.463031,-0.261936,-0.0491,-0.176184,-0.168234,0.465741,-0.027243,0.651972
3,-0.242113,0.07184,0.559361,-0.548223,-0.527103,-0.025151,0.033041,0.005513,0.429094,-0.067675,0.764165
3,0.534307,-0.039507,0.38807,-0.403653,-0.319665,0.044737,-0.165225,0.015226,0.217902,-0.052801,0.738181
3,0.494655,-0.041268,0.37581,-0.491728,-0.41641,0.06957,-0.173156,0.031868,0.209468,-0.040217,0.726942
3,-1.310928,-0.130506,0.603739,-0.141039,-0.012354,-0.052989,-0.197586,-0.044035,0.315323,-0.122615,0.901976
3,-1.301364,-0.084144,0.490958,-0.36376,-0.289156,-0.023437,-0.189044,-0.121677,0.52593,-0.116305,0.642343
3,-1.434954,-0.110673,0.472176,-0.502776,-0.393977,0.067222,-0.334786,-0.06139,0.459863,-0.010191,0.594549
3,0.755121,-0.02663,0.942714,-0.156858,0.03766,-0.109327,-0.1667,-0.18615,0.486568,-0.110468,0.665349
3,0.688246,-0.025743,1.109184,-0.488935,-0.369792,-0.079986,-0.012755,-0.111772,0.393888,-0.156484,0.654705
3,0.739198,-0.065359,1.006716,-0.262971,-0.082055,-0.106791,-0.13344,-0.15162,0.458749,-0.157968,0.69616
3,0.533359,-0.006067,0.403183,-0.198539,-0.141576,-0.040953,0.010849,-0.020695,0.137848,-0.102904,0.65776
